Sentence,Angst,Ekel,Freude,Scham,Schuld,Traurigkeit,Wut
"Ich fühlte ..., als mein Laptop kaputt ging und die Garantie schon abgelaufen war.",,,,,,,
"Ich fühlte ..., als ich eine völlig verschmutzte Toillette betrat.",,,,,,,
"Ich fühle ..., wenn ich in Hundescheiße getreten bin",,,,,,,
"Ich fühlte ..., als das Wetter sehr kalt und trüb wurde.",,,,,,,
"Ich fühlte ..., als ich einen Unfall mit dem Auto meiner Freundin gebaut habe",,,,,,,
"Ich fühlte ..., als mich mein Exfreund betrogen hat.",,,,,,,
"Ich fühlte ... auf meinen Nachbarn, weil er immer seine Hecke nicht schneidet",,,,,,,
"Ich fühlte ..., als mein Vater schwer erkrankte.",,,,,,,
"Ich fühlte ..., als ich schwer erkältet war.",,,,,,,
"Ich fühlte ..., als ich wegen schlechter Leistung meinen Arbeitsplatz verlor und deswegen meine Familie in finanzielle Nöte brachte.",,,,,,,
"Ich fühlte ..., als ich vor Jahren eine Rechnung vergessen habe zu bezahlen.",,,,,,,
"Ich fühlte ..., nachdem meine Mutter mir sagte, dass mein Vater verstorben ist.",,,,,,,
"Ich fühlte ..., als mein Vater nach langer Krankheit verstarb.",,,,,,,
"Ich fühlte ..., als ich erfahren habe, dass ich den neuen Job nicht bekommen habe.",,,,,,,
"Ich fühlte ..., als ich bemerkte dass mein Hosenschlitz bei der Arbeit offen stand",,,,,,,
"Ich fühlte ..., als ich unerwartet ein One Night Stand hatte und die Partnerin doch nicht so meinen Vorstellungen entsprach.",,,,,,,
"Ich fühlte ..., als ich erfahren habe, dass Großbritannien aus dem Euro austreten wird. (ganz liebe Freunde von uns leben in London und sie haben uns vorher schon gesagt, dass das schrecklich werden würde)",,,,,,,
"Ich fühlte ..., als ich einmal mit Freunden in eine Sauna gegangen bin. Das werde ich in Zukunft unterlassen.",,,,,,,
"Ich fühlte ..., als ich bei einem Vortrag zu stottern begann.",,,,,,,
"Ich fühlte ..., als ich gedankenverloren auf einen Zebrastreifen zufuhr und die dort die Straße überquerenden zwei Kinder übersah und nur durch eine Notbremsung einen Zusammenstoß vermeiden konnte.",,,,,,,
"Ich fühle ..., wenn ich meine Kinder längere Zeit nicht sehen kann.",,,,,,,
"Ich fühlte ..., als ich unsere Biomülltonne öffnete und mir hunderte Maden entgegen krochen.",,,,,,,
"Ich fühlte ..., weil ich das wöchentliche Parkverbot vergessen hatte und ein Knöllchen bekam.",,,,,,,
"Ich fühlte ..., als sich eine Freundin sehr über ein Geschenk von mir gefreut hat.",,,,,,,
"Ich fühlte ..., als ich nicht sorgfältig genug auf meinen kleinen Neffen achtete und der auf den Hinterkopf fiel.",,,,,,,
"Ich fühlte ..., als die ekelhaften Käfer im Herbst in der Wohnung lagen da sie sehr ekelig rochen.",,,,,,,
"Ich fühlte ..., als meine Söhne geboren wurden.",,,,,,,
"Ich fühlte ..., als ich erfuhr, dass ein Freund in ein anderes Land zieht.",,,,,,,
"Ich fühlte ..., weil man mich angelogen hatte",,,,,,,
"Ich fühlte ..., als es ein starkes Gewitter gab und ich noch sehr klein war.",,,,,,,
"Ich fühlte ..., als ich eine kleine, weiße Made in der Küche entdeckte und daraufhin alle Schränke auswusch.",,,,,,,
"Ich fühlte ..., als ich mich im Restaurant mit sauce beschmutzt habe",,,,,,,
"Ich fühlte ..., als ein doofer Mann eine Katze absichtlich überfuhr.",,,,,,,
"Ich fühle ..., dass mein Opa gestorben ist.",,,,,,,
"Ich fühlte ..., als ich nachts im Dunkeln alleine bis in unseren Nachbarort gegangen bin.",,,,,,,
"Ich fühlte ..., als ich eine Zusage für eine neue Arbeitsstelle bekam.",,,,,,,
"Ich fühlte ..., als der Aufzug stecken blieb",,,,,,,
"Ich fühlte ..., als ich einen wichtigen Kunden verärgert habe.",,,,,,,
"Ich fühlte ..., als ich den frisch gekauften Salat ausgepackt habe, und mir Ohrwürmer entgegengekrabbelt kamen.",,,,,,,
"Ich fühle ..., dass Friedrich Merz Bundeskanzler werden könnte.",,,,,,,
"Ich fühlte ..., als der Tag des Abfluges näher kam",,,,,,,
"Ich fühlte ..., als ich erneut Vater wurde.",,,,,,,
"Ich fühlte ..., als ich das offene bein meines vaters verbinden musste",,,,,,,
Ich fühlte ... als ich erfahren habe das meine Lieblingsband in meiner Stadt spielt,,,,,,,
"Ich fühlte ..., als mein Sohn beim Überqueren des Zebrastreifens fast angefahren wurde.",,,,,,,
"Ich fühle ..., dass die Bevölkerung Europas in einen falsche, nationale Richtung abdriftet.",,,,,,,
"Ich fühlte ..., als ich sah das jemand auf dem Parkplatz mein Auto angefahren hatte und sich aus dem Staub gemacht hat.",,,,,,,
"Ich fühlte ..., als mein Fussballverein in eine höhere Klasse aufgestiegen ist.",,,,,,,
"Ich fühlte ..., als ich hilflos zusehen musste ohne etwas dagegen unternehmen zu können",,,,,,,
"Ich fühlte ..., als ich zum ersten Mal Vater wurde.",,,,,,,
"Ich fühlte ..., als meine Nichte tödlich verunglückte.",,,,,,,
"Ich fühlte ..., als ich vor ein paar Jahren eine größere Geldsumme im Lotto gewonnen habe.",,,,,,,
"Ich fühlte ..., weil ich gestern was am Auto reparieren mußte und ich nicht weiterkam.",,,,,,,
"Ich fühlte ...,,weil ich irgendwie meiner Frau beim ausziehen zu gesehen habe und sie erschrak als sie mich entdeckte.",,,,,,,
"Ich fühlte ..., weil ich einem Arbeitskollegen mit dem ich zerstritten war, einfach nicht geholfen habe.",,,,,,,
"Ich fühlte ..., als ich geschwitzt habe",,,,,,,
"Ich fühlte ..., als ich erfuhr das mein Sohn mit dem Krankenwagen ins Klinikum mußte.",,,,,,,
"Ich fühlte ..., als ich mal wieder den Diätplan nicht eingehalten hatte",,,,,,,
"Ich fühlte ..., als ich mit meinem Fahrrad vor ein paar Jahren etwas zu schnell fuhr und eine brenzlige Situation mit einem Hindernis erlebte.",,,,,,,
"Ich fühlte ..., als mein Sohn mich in der Straßenbahn gefragt hat wann er auch so ein großes Spazi wie ich haben wird.",,,,,,,
"Ich fühlte ..., als ich beim Glücksspiel gewonnen habe.",,,,,,,
"Ich fühlte ..., als sah wie aggressive und betrunken manche Menschen in den Öffentlichen Verkehrsmitteln sind.",,,,,,,
"Ich fühlte ..., als ich einem Bettler kein Geld gab.",,,,,,,
"Ich fühlte ..., als mein Sohn geboren wurde.",,,,,,,
"Ich fühlte ..., als ich einen Bericht über spinnen im internet gesehen habe",,,,,,,
"Ich fühlte ..., als ich im Urlaub über eine Hängebrücke gehen musste, die ziemlich hin und her schwankte.",,,,,,,
"Ich fühlte ..., als ich eine Operation vor mir hatte",,,,,,,
"Ich fühlte ..., als ich die Schule beendet habe",,,,,,,
"Ich fühlte ..., weil ich noch nie soviel Eiter gesehen hatt",,,,,,,
"Ich fühlte ..., weil meine Kinder mich schon lange nicht besucht haben.",,,,,,,
"Ich fühlte ..., als der Schrank umstürzte",,,,,,,
"Ich fühlte ..., als auf der Autobahn direkt vor mir ein schlimmer Unfall passiert ist.",,,,,,,
"Ich fühlte ..., als ich die Leute Würmer essen sah",,,,,,,
"Ich fühlte ..., weil ich meinen Eltern nur einen Teil der Wahrheit erzählt habe.",,,,,,,
"Ich fühlte ..., als mein Motorrad in einer Kurve hinten wegrutschte.",,,,,,,
"Ich fühlte ..., als ich mal wieder das Wochenende vertrödelt hatte",,,,,,,
"Ich fühlte ..., als ich sah, dass mein bester Freund mit der Ehefrau eines Bekannten fremd ging.",,,,,,,
"Ich fühlte ..., als ich verdorbene Lebensmittel (Margarine) in meinem Kühlschrank entdeckte.",,,,,,,
"Ich fühlte ..., als ich einem Freund nicht sofort meine Hilfe angeboten habe, als er sie so sehr benötigt hat. Es ging nur um Geld.",,,,,,,
"Ich fühlte ..., als ich vergaß die Rechnung zu bezahlen",,,,,,,
"Ich fühle ..., wenn in den Nachrichten so viele ungerechte Dinge gezeigt werden.",,,,,,,
"Ich fühlte ..., als ich den riesigen Fleck auf meiner Hose entdeckte.",,,,,,,
"Ich fühlte ..., weil ich bei der Betriebsfeier ein wenig über den Durst getrunken habe.",,,,,,,
"Ich fühlte ..., als ich auf Arbeit zu unrecht kritisiert wurde.",,,,,,,
"Ich fühlte ..., als vor Jahren mir mein Bafög längere Zeit nicht überwiesen wurde.",,,,,,,
Ich fühlte ... ab dem Tag wo viele Mitarbeiter in meiner Firma ihre Arbeit verloren.,,,,,,,
"Ich fühlte ..., als ich aus Versehen in das Erbrochene in der Fußgängerzone getreten bin",,,,,,,
"Ich fühlte ..., als mein Konto ins Minus rutschte.",,,,,,,
"Ich fühlte ..., als ich den Abfluß in der Küche reinigen musste. Ich musste mir Handschuhe anziehen, die Rohre abschrauben und so widerlichen Schlatz aus den Rohren ziehen.",,,,,,,
"Ich fühlte ..., als ein Kollege eine Projektidee als seine verkaufte, obwohl es meine war.",,,,,,,
"Ich fühlte ..., als ich etwas in der Arbeit zur Analyse erhalten habe bei dem der Fehler eigentlich bereits in der Meldung gestanden ist.",,,,,,,
"Ich fühlte ..., als das Wochenende heran rückte",,,,,,,
"Ich fühlte ..., als ich als kleines Kind nachts alleine daheim war.",,,,,,,
"Ich fühlte ..., als ich mich ins Wochenende verabschieden konnte",,,,,,,
"Ich fühlte ..., als das Flugzeug beim Landeversuch wieder durchstarten musste",,,,,,,
"Ich fühlte ..., als ich in die Obstschale gegriffen habe und eine auf der Unterseite total schimmelige gründe Orange angegriffen habe die zusätzlich auch noch so weich war.",,,,,,,
"Ich fühlte ..., als ich mit dem Flugzeug flog.",,,,,,,
"Ich fühlte ..., als ich einige Geschenke zu meinem letzten Geburtstag bekam.",,,,,,,
"Ich fühlte ..., als meine Tochter zu nah an der Straße stand während der Bus vorfuhr",,,,,,,
"Ich fühlte ..., weil jemand sein verschmutztes Taschentuch auf dem Arbeitstisch liegen ließ.",,,,,,,
"Ich fühlte ..., weil mein Arbeitskollege mich nicht abgeholt hat und ich zu spät zur Arbeit kam.",,,,,,,
"Ich fühlte ..., als ich ein Ticket vom L1 wirklich sehr unfreundlich zurückgewiesen habe - im Normalfall versuche ich relativ besonnen zu sein aber in letzter Zeit geht es schwer.",,,,,,,
"Ich fühlte ..., als ich vom Tod von Stan Lee erfuhr.",,,,,,,
"Ich fühlte ..., als sich ein Junge vor Schmerzen krümmte, weil ich ihn mit dem Fahrrad angefahren hatte.",,,,,,,
"Ich fühlte ..., als ich nachts alleine durch den Wald gehen musste",,,,,,,
"Ich fühlte ..., als ich meine Frau geheiratet habe",,,,,,,
"Ich fühlte ..., als unsere Katze eine tote Maus in der Küche fraß und dabei Blut auf dem Boden zurück blieb,",,,,,,,
"Ich fühlte ..., als ich mein neues Auto abholen konnte.",,,,,,,
"Ich fühle ..., wenn meine Tomaten in der Küche anfangen zu schimmeln und überall Obstfliegen im Haus sind.",,,,,,,
"Ich fühlte ..., als plötzlich so ein widerlicher relativ platter grüner Käfer aus meiner Jacke gefallen ist.",,,,,,,
"Ich fühlte ..., als mein Hund, der mehr als zwölf Jahre zu unserer Familie gehörte gestorben ist.",,,,,,,
"Ich fühle ... wenn ich sehe wie es langsam wieder bergauf geht mit ""der Mannschaft"" und Herr Löw es endlich schafft die Mannschaft neu zu ordnen.",,,,,,,
"Ich fühlte ..., als ich die Lieblingstasse meiner Frau zerbrochen habe",,,,,,,
"Ich fühlte ..., als ich ein tolles Geburtstagsgeschenk bekam.",,,,,,,
"Ich fühlte ..., als ich bei meiner Tochter Hundekacke vom Schuh entfernen musste",,,,,,,
"Ich fühlte ..., als die Katze bei mir einzog.",,,,,,,
"Ich fühlte ..., als ich einen kleinen Auffahrunfall verursacht habe.",,,,,,,
"Ich fühlte ..., als mein Lieblingsverein das Spitzenspiel verloren hatte",,,,,,,
"Ich fühlte ..., als ich unsere Helden gestern in der Schlussphase gesehen habe",,,,,,,
"Ich fühlte ..., als ich die dicke Spinne an der Wand sah.",,,,,,,
"Ich fühlte ..., als ich bei einer Freundin den Frischkäse geöffnet habe und dieser bereits völlig verschimmelt war.",,,,,,,
"Ich fühlte ..., als mir meine Exfrau verlogene Geburtstagsgrüße geschickt hat",,,,,,,
"Ich fühlte ..., als ich meine beiden Freunde so glücklich zusammen sah",,,,,,,
"Ich fühle ..., wenn bei uns im Wohnzimmer in der Zwischendecke komische Geräusche sind. (mir ist zwar klar, dass es meistens nur die Mäuse sind, aber nachdem die das nur selten machen ist es echt freaky)",,,,,,,
"Ich fühlte ..., als ich einen schwerwiegenden Fehler auf Arbeit gemacht habe",,,,,,,
"Ich fühlte ..., als ich in der Firma eine Abmahnung bekam",,,,,,,
"Ich fühlte ..., als mein Sohn wirklich hohes Fieber bekommen hat und das Zäpfchen nicht angeschlagen hat.",,,,,,,
"Ich fühlte ..., als das Update des Server wieder fehlschlug",,,,,,,
"Ich fühlte ..., als der Chef sagte dass Mitarbeiter gekündigt werden müssen.",,,,,,,
"Ich fühlte ..., weil ich mir nicht vorstellen konnte, diese Würmer zu essen",,,,,,,
"Ich fühlte ..., als ich jemanden belogen habe.",,,,,,,
"Ich fühlte ..., als sich an der Supermarktkasse wieder mal nur die Rentner über die lange Schlange aufregten, obwohl sie genau zur Stoßzeit einkauften.",,,,,,,
"Ich fühlte ..., als ich vor versammelter Klasse bei einem Vortrag keine ganzen Sätze zustande bekam und nur rum gestammelt habe.",,,,,,,
"Ich fühlte ..., als ich merkte, dass ich mich in seinem Charakter so stark geirrt hatte",,,,,,,
"Ich fühlte ..., als es im Sommer eine Menge Würmer in und an der Mülltonne gab.",,,,,,,
"Ich fühlte ..., als ich nachts von einem Unbekannter angesprochen und verfolgt wurde.",,,,,,,
"Ich fühlte ..., weil in der Straßenbahn ein Fahrgast sehr widerlich roch.",,,,,,,
"Ich fühlte ..., als ich die Wahlergebnisse der AFD gesehen habe",,,,,,,
"Ich fühlte ..., als unsere Installationsfirma mal wieder neue Forderungen nachgeschoben hat",,,,,,,
"Ich fühle ..., dass die Armut in Deutschland zunimmt.",,,,,,,
"Ich fühlte ..., als ich die Diagnose Krebs erhielt",,,,,,,
"Ich fühlte ..., als ich meine Katze mehrere Stunden nicht fand.",,,,,,,
"Ich fühlte ..., als mein Cousin nach einer Operation gestorben ist.",,,,,,,
"Ich fühlte ..., als ein Kollege ungefragt von meinem Brötchen abbiss.",,,,,,,
"Ich fühlte ..., ab dem Tag wo ich erfuhr das meine Mutter unheilbar krank war.",,,,,,,
"Ich fühlte ..., als mein Verein gestern spät den Ausgleich kassierte",,,,,,,
"Ich fühlte ..., als ich über den Marktplatz zum Einkaufen ging. ein Rudel von acht fremdländischen Männer hat eindeutige anzügliche Bewegungen und Bemerkungen gemacht. Kein anderer Passant hat darauf reagiert, sondern nu stur weggeschaut. Ich hatte Angst, dass die 8 mich einkreisen und begrabschen, bin schnell in dem nächsten Markt rein, um der Situation zu entfliehen.",,,,,,,
"Ich fühlte ..., als die Installation wiederholt fehlgeschlagen war",,,,,,,
"Ich fühlte ..., als ich fast durch die Abiprüfung geflogen bin.",,,,,,,
"Ich fühlte ..., als ich die Mäuse aus der Mäusefalle, welche ich letztens in der Garage ausgelegt habe herausgeholt und in die Biotonne geschmissen habe.",,,,,,,
"Ich fühlte ..., als ich den Mann im Park sah, der seinen Hund mit Füßen trat",,,,,,,
"Ich fühlte ..., dass ich zu wenig Zeit für meine Kinder habe",,,,,,,
"Ich fühlte ..., ab dem Tag wo ich wußte das ich meinen pflegebedürftigen Vater baden mußte weil er selber das nicht mehr konnte.",,,,,,,
"Ich fühlte ..., als ich an die Zukunft das Landes dachte",,,,,,,
"Ich fühlte ..., als mein bester Freund geheiratet hat.",,,,,,,
"Ich fühlte ..., als ich das Tablet nicht installiert bekam",,,,,,,
"Ich fühlte ..., als ich das Wochenende mal wieder vertrödelt hatte",,,,,,,
"Ich fühlte ..., als ich letztes Mal meinen Hausmüll nicht ordentlich getrennt hatte.",,,,,,,
"Ich fühlte ..., als ich versehentlich die Lieblingstasse meiner Frau runtergeworfen habe.",,,,,,,
"Ich fühlte ..., als ich auf einer Eisfläche ausgerutscht bin und sehr hart aufschlug.",,,,,,,
"Ich fühlte ..., als es im Haus zu brennen begann",,,,,,,
"Ich fühlte ..., als ich vergessen habe Windeln zu kaufen obwohl mir meine Frau extra eine whatsap geschickt hat.",,,,,,,
"Ich fühlte ..., als ich unschuldig von der Polizei festgenommen wurde.",,,,,,,
"Ich fühlte ..., als mein Stromversorger die Preise drastisch erhöht hat",,,,,,,
"Ich fühle ..., weil meine Schwester nicht ein Mal angerufen hat, um nach unserem kranken Vater zu fragen.",,,,,,,
"Ich fühlte ..., als ich von der Hetze von Rechts gegen die Ausländer erfahren habe.",,,,,,,
"Ich fühlte ..., als ich einen Joghurtbecher öffnete. Der Joghurt war schlecht und hat furchtbar gestunken.",,,,,,,
"Ich fühlte ..., als die Anwender nicht auf den Datenbankserver zugreifen konnten, da der vollgelaufen war",,,,,,,
"Ich fühlte ..., als ich letztens Mäusefallen ausgelegt habe.",,,,,,,
"Ich fühlte ..., weil ich eine Gehaltserhöhung erhalten habe",,,,,,,
"Ich fühlte ..., als ich erfahren habe, dass mein bester Freund ab jetzt ein Pflegefall ist.",,,,,,,
"Ich fühle ..., wenn an McDonald's Rindfleisch aus einem Schlachthof geliefert wurde, welcher der Tierquälerei überführt wurde.",,,,,,,
"Ich fühlte ..., als ich das letzte mal mein Auto gewechselt habe.",,,,,,,
"Ich fühlte ..., als ich hörte dass meine Firma zum ersten Mal seit Jahren wieder eine Weihnachtsfeier veranstaltet.",,,,,,,
"Ich fühlte ..., als mein Sohn das letzte Mal operiert worden ist, die OP länger als geplant gedauert hat und wir nicht informiert wurden.",,,,,,,
"Ich fühlte ..., als ich im Keller eines Hauses eine tote, halb verweste Ratte gefunden habe.",,,,,,,
"Ich fühlte ..., dass mein Kollege befördert wurde ich aber nicht",,,,,,,
"Ich fühlte ..., als mein Lieblingsverein das Spitzenspiel verloren hatte",,,,,,,
"Ich fühlte ..., als mein Sohn partou nicht von mir ins Bett gebracht werden sollte. Ich kann das nicht leiden - wir haben seit nem Halben Jahr die Regel, dass wir es abwechselnd machen und ab und an macht er so einen Zirkus.",,,,,,,
"Ich fühlte ..., als unter dem Christbaum die ganze Familie aus In- und Ausland versammelt war.",,,,,,,
"Ich fühlte ..., als ich mich in den Urlaub verabschieden konnte",,,,,,,
"Ich fühlte ..., als ich erfuhr das einer meiner besten Schulfreunde verstorben ist.",,,,,,,
"Ich fühlte ..., als ich bemerkte, dass mein Deo nachließ.",,,,,,,
"Ich fühlte ..., als ich zuletzt in den Flieger gestiegen bin.",,,,,,,
"Ich fühlte ..., als ich absagen musste",,,,,,,
"Ich fühlte ..., als ich eine private Reise absagen musste, um eine berufliche Reise wahrzunehmen.",,,,,,,
"Ich fühlte ..., als ich meinen Sohn das erste Mal in die Arme schließen konnte und mit ihm das sogenannte Bonding durchführen durfte.",,,,,,,
"Ich fühlte ..., weil ich zu dick bin",,,,,,,
"Ich fühlte ..., als ich einen guten Freund verloren hätte. Er war sehr komisch die letzten Wochen und ich habe mir gedacht, er wird sich etwas antun.",,,,,,,
"Ich fühlte ..., als ich in meiner Jugend mit Freunden Nachts um 00:00 Uhr, als Mutprobe durch ein Friedhof ging.",,,,,,,
"Ich fühlte ..., als ich schlechte Milch getrunken habe",,,,,,,
"Ich fühlte ..., als ich mein Versprechen nicht halten konnte",,,,,,,
"Ich fühlte ..., weil mein Hosenstall offen stand",,,,,,,
"Ich fühlte ..., als mein Fußballverein zuletzt gewonnen hat.",,,,,,,
"Ich fühlte ..., als ich im Wald von einem starken Gewitter überrascht wurde.",,,,,,,
"Ich fühlte ..., als mir im Schwimmbad beim Sprung vom 5 Meterturm die Badeshort heruntergerutscht ist.",,,,,,,
"Ich fühlte ..., als ich die Geburtstagsfeier meiner Freundin verschlief",,,,,,,
"Ich fühlte ..., weil ich vor ein paar Tagen beim Arbeiten im Garten auf eine tote Ratte getreten bin die unter welkem Laub lag.",,,,,,,
"Ich fühlte ..., als ich mein neues Handy in Betrieb genommen habe",,,,,,,
"Ich fühlte ..., weil meine Lieblingsserie abgesetzt wurde",,,,,,,
"Ich fühlte ..., ich meine Frau betrogen habe.",,,,,,,
"Ich fühlte ..., als ich merkte, dass ich angelogen wurde",,,,,,,
"Ich fühlte ..., als ich Geld auf der Straße entdeckte habe.",,,,,,,
"Ich fühlte ..., als ich einen Bericht über Spinnen im Fernsehen gesehen hatte",,,,,,,
"Ich fühle ..., weil sich Deutsche im Ausland zu oft daneben benehmen und sich nicht den lokalen Gepflogenheiten anpassen können.",,,,,,,
"Ich fühlte ..., als ich die vollgemachte Windel meines Sohnes saubergemacht habe",,,,,,,
"Ich fühlte ..., als ich bemerkte, dass nachts im Schlaf eine große Spinne über meine Stirn krabbelte.",,,,,,,
"Ich fühlte ..., weil ich bei einem Gewinnspiel gewonnen habe",,,,,,,
"Ich fühlte ..., als vor Jahren ein großer Käfer im Bad von der Decke fiel.",,,,,,,
"Ich fühlte ..., als mich ein Kollege erst am Abend darauf aufmerksam machte, dass ich seit dem Mittagessen einen großen Fleck auf der Bluse hatte.",,,,,,,
"Ich fühlte ..., dass ich meinen besten Kumpel versetzt habe.",,,,,,,
"Ich fühlte ..., als eine Taube gegen das Fenster flog und tot auf der Terrasse lag.",,,,,,,
"Ich fühlte ..., als ich den schönen alten Teller beim Abwaschen zerbrach",,,,,,,
"Ich fühlte ..., als ich mal wieder das Wochenende vertrödelt hatte",,,,,,,
"Ich fühlte ..., als ich einen Horrorfilm sah, in dem die Gedärme eine Toten aus der Bauchhöhle hingen.",,,,,,,
"Ich fühlte ..., als vor wenigen Monaten meine Lieblingsomi verstarb",,,,,,,
"Ich fühlte ..., als ich das Bahnhofsviertel durchqueren musste",,,,,,,
"Ich fühlte ..., als die Ärzte im KH bei meiner im sterben liegenden Großmutter einen künstlichen Zugang legen wollten um die Schilddrüsenmedikamente zu verabreichen.",,,,,,,
"Ich fühlte ..., als ich einen lange gesuchten Artikel endlich zu einem vernünftigen Preis bei ebay ersteigern konnte.",,,,,,,
"Ich fühle ..., wenn, meine Kinder zu nah an der Straße stehen, wenn der Bus kommt",,,,,,,
"Ich fühlte ..., ich die falschen Klamotten bei einem wichtigen Geschäftstermin an hatte",,,,,,,
"Ich fühlte ..., als ich meine kleinen Kinder angeschrien habe",,,,,,,
"Ich fühlte ..., als ich im Lotto gewann.",,,,,,,
"Ich fühlte ..., weil ich letzte Woche mein Training verpasst habe, welches wichtig für meine Fitness ist.",,,,,,,
"Ich fühlte ..., als ich im Lotto einen größeren Betrag gewonnen habe.",,,,,,,
"Ich fühlte ..., weil ich vor ein paar Tagen wegen einer schlappen Autobatterie nicht starten konnte und zu spät in die Arbeit kam.",,,,,,,
"Ich fühle ..., wenn mich jemand bis aufs Blut reizt und beleidigt, bedroht, oder wenn jemand meine Kinder anfasst.",,,,,,,
"Ich fühlte ..., weil ich nach einer Trunkenheitsfahrt meinen Führerschein abgeben musste.",,,,,,,
"Ich fühlte ..., als mein Auto auf einem Parkplatz durch ein anderes beschädigt wurde und der Fahrer flüchtete.",,,,,,,
"Ich fühlte ..., als ich erfahren habe wie stark der Bitcoin abgefallen ist.",,,,,,,
"Ich fühlte ..., als ich die dreckige Toilette im Büro sah.",,,,,,,
"Ich fühlte ..., als in unserer Clubkasse 10 DM fehlten!",,,,,,,
"Ich fühlte ..., als ich meinen Hund abgeben musste",,,,,,,
"Ich fühlte ..., als ich meinen Sohn angeschriehen habe weil er wirklich schlimm war. (ich probiere es zu vermeiden und erkläre lieber - das klappt recht gut und er ist im vgl. relativ ruhig)",,,,,,,
"Ich fühlte ..., als mein Lehrer mir eine ungerechte Note gab.",,,,,,,
"Ich fühlte ..., weil jemand neben mir gekochte Weinbergschnecken gegessen hat.",,,,,,,
"Ich fühlte ..., als der Arzt die Diagnose Krebs stellte",,,,,,,
"Ich fühlte ..., als ich fühlte große Traurigkeit als meine Mutter verstarb",,,,,,,
"Ich fühle ..., weil so viele Kinder auf der Welt Hunger leiden.",,,,,,,
"Ich fühle ..., wenn mich mein Vorgesetzter in der Arbeit unnötig unter Stress setzt. Das kommt in letzter Zeit sehr häufig vor.",,,,,,,
Ich fühlte ... ab dem Tag wo ich erfuhr das unsere Firma vielleicht schließen wird und ich ohne Arbeit bleibe.,,,,,,,
"Ich fühlte ..., als ich die Hunde im Tierheim besichtigte",,,,,,,
"Ich fühlte ..., als ich die Windel meines Sohnes gewechselt hatte und er sich total eingeschissen hat",,,,,,,
"Ich fühlte ..., als ich mich im Schwimmbad umgezogen habe und eine fremde Frau mir dabei zugesehen hat",,,,,,,
"Ich fühlte ..., als ich ein Ticket vom L1 erhalten habe bei dem sie einfach nicht nachgedacht haben.",,,,,,,
"Ich fühlte ..., als der Urlaub vorbei war.",,,,,,,
"Ich fühlte ..., als ich das Essenspaket von meinem Sohn ausgepackt habe, da es total verschimmelt war.",,,,,,,
"Ich fühlte ..., als ich einer Schulfreundin begegnete und sie nicht mehr erkannte",,,,,,,
"Ich fühlte ..., als meine Schwester die Diagnose Brustkrebs erhalten hat.",,,,,,,
"Ich fühlte ..., als ich einem Bettler in der Fußgängerzone nichts gab.",,,,,,,
"Ich fühlte ..., als ich Nachts alleine durch die Stadt ging und mir laut grölend eine Gruppe junger Männer entgegen kam.",,,,,,,
"Ich fühlte ..., als ich mal arbeitslos wurde.",,,,,,,
"Ich fühlte ..., als ich vor ihrem Grab stand",,,,,,,
"Ich fühlte ..., als ich bei der Prüfung durchfiel, da ich zu wenig gelernt hatte",,,,,,,
"Ich fühlte ..., als der Telefonterror wieder kein Ende nahm",,,,,,,
"Ich fühlte ..., als ich ins Wochenende gehen konnte",,,,,,,
"Ich fühlte ..., als ich duschen wollte, am Abfluss jedoch eine große, schwarze Spinne saß und niemand da war, der helfen konnte.",,,,,,,
"Ich fühlte ..., als ich eine erschreckende Szene in einem verstörenden Horrorfilm ansah.",,,,,,,
"Ich fühlte ..., als ich im Internet ein Schnäppchen machen konnte.",,,,,,,
"Ich fühlte ..., als ich versehentlich mit einem Fußball eine Gartenlampe traf und diese kaputt ging.",,,,,,,
"Ich fühlte ..., weil mein Handy kaputt gegangen ist",,,,,,,
"Ich fühlte ..., als ich eine gute Note bekommen habe.",,,,,,,
"Ich fühlte ..., als ich fast einen Unfall gebaut habe",,,,,,,
"Ich fühlte ..., als ich einen großen Pickel auf der Stirn hatte",,,,,,,
"Ich fühlte ..., als jemand gestorben ist.",,,,,,,
"Ich fühlte ..., als meine Tochter mir sagte, dass ich der beste Papa auf der ganzen Welt bin",,,,,,,
"Ich fühlte ..., als beim Fliegen Turbulenzen waren.",,,,,,,
Ich fühlte ... bei einem brutalen Horrorfilm den ich gesehen habe,,,,,,,
"Ich fühlte ..., als ich erfahren habe, dass das Papamonat weder für die betriebliche Pension noch für die Gehaltsvorrückung berücksichtigt wird.",,,,,,,
"Ich fühlte ..., als ich sah, dass meine Hose hinten einen großen Fleck hatte.",,,,,,,
"Ich fühlte ..., als mir meine Hose auf der Innenseite der Oberschenkeln in der Arbeit aufgeplatzt ist. Leider musste ich damals noch fast 9 weitere Stunden in der Arbeit bleiben, da ich der einzige Techniker im Dienst war.",,,,,,,
"Ich fühlte ..., als mir ein Bus vor der Nase wegfuhr.",,,,,,,
"Ich fühle ..., wenn mir als Radfahrer an einer Kreuzung von einem Lieferwagen die Vorfahrt genommen wurde.",,,,,,,
"Ich fühlte ..., als sie sich von mir verabschieden mussten",,,,,,,
"Ich fühlte ..., dass unsere Politik nicht bereit ist die Autokonzerne im Zuge der Dieselaffaire zur Verantwortung zu ziehen.",,,,,,,
"Ich fühlte ..., als sich eine Schnittwunde an meinem Arm entzündete und Eiter austrat.",,,,,,,
"Ich fühlte ..., als ich erfahren habe, dass meine Reise nach Norwegen stattfinden kann, da dies lange auf der Kippe stand.",,,,,,,
"Ich fühlte ..., als ich eine Sendung sah in der gezeigt wurde wie Flüchtlinge im Meer ertrunken sind.",,,,,,,
"Ich fühlte ..., weil ich vergessen hatte, dass ich vorbeikommen wollte und er vergeblich gewartet hatte",,,,,,,
"Ich fühlte ..., als ich an eine Hauswand pinkelte und gesehen wurde.",,,,,,,
Ich fühlte ... über das Auftreten der Mannschaft bei der WM,,,,,,,
"Ich fühlte ..., als ich zuletzt eine größere Spinne gesehen habe.",,,,,,,
"Ich fühlte ..., als ich erfuhr das wegen meinem Versagen uns allen in der Arbeit ein freier Tag gestrichen wurde.",,,,,,,
"Ich fühlte ..., als ich hörte, wie viele Tier- und Pflanzenarten jeden Tag von diesem Planeten für immer verschwinden.",,,,,,,
"Ich fühle ..., wenn ich mit meinen kleinen Kindern rumtobe",,,,,,,
"Ich fühle ..., wenn ich in der Straßenbahn angerempelt wurde.",,,,,,,
"Ich fühle ..., dass ich noch fast überhaupt nicht für meine Rente vorgesorgt habe.",,,,,,,
"Ich fühlte ..., als mein Sohn einen Eintrag aus der Schule mit nach Hause gebracht hat",,,,,,,
"Ich fühlte ..., als ich mal wieder den Diätplan ignoriert hatte",,,,,,,
"Ich fühlte ..., als ich erfahren habe, dass es meinem Vater wieder besser geht",,,,,,,
"Ich fühlte ..., als die Spinne sich vor meiner Nase abseilte",,,,,,,
"Ich fühlte ..., als mir die versprochene Gehaltserhöhung nicht genehmigt wurde.",,,,,,,
"Ich fühle ..., wenn ich in der Öffentlichkeit niesen muss und dabei mir Rotze aus der Nase läuft",,,,,,,
"Ich fühlte ..., als ich sah, dass die Marmelade im Glas verschimmelt war.",,,,,,,
"Ich fühlte ..., als ich an die Zukunft das Landes dachte",,,,,,,
"Ich fühlte ..., als mir ein teures Glas vom Tisch gefallen ist.",,,,,,,
"Ich fühlte ..., als der Telefonterror kein Ende nahm",,,,,,,
"Ich fühlte ..., weil ich noch nie bei einer Operation zugesehen hatte und überall Blut war",,,,,,,
"Ich fühlte ..., als ich in Gedanken versunken in die Damentoilette platzte.",,,,,,,
"Ich fühlte ..., als ich einen Bericht über San Francisco im Internet gesehen hatte",,,,,,,
"Ich fühlte ..., als ich mich das erste Mal bei einem Arztbesuch komplett vor einer Ärztin ausziehen musste.",,,,,,,
"Ich fühlte ..., als mein Verein eine 3 zu 1 Führung verspielte",,,,,,,
"Ich fühlte ..., als ich einen lange nicht mehr gesehenen Freund zufällig traf.",,,,,,,
"Ich fühlte ..., als beim letzten Flug in den Urlaub die Maschine notlanden musste.",,,,,,,
"Ich fühlte ..., als eine Katze von mir vor unserem Haus überfahren wurde.",,,,,,,
"Ich fühlte ..., weil ich meinen kranken Vater öfters allein gelassen habe.",,,,,,,
"Ich fühlte ..., als die Mannschaft bei der WM so versagt hat",,,,,,,
"ich fühlte ..., als ich spät abends relativ weit von meiner Wohnung entfernt parken, und im Dunklen nach Hause gehen musste.",,,,,,,
"Ich fühlte ..., als auf einen Weihnachtsmarkt in Berlin ein Terroranschlag verübt wurde.",,,,,,,
"Ich fühlte ..., als meine Frau eine Kürettage hatte.",,,,,,,
"Ich fühlte ..., als einer meiner besten Freunde viel zu früh verstorben ist.",,,,,,,
"Ich fühlte ..., ab dem Tag wo ich merkte das ich vielleicht nicht der beste Sohn für meine Eltern war.",,,,,,,
"Ich fühlte ..., als ich herausfand das mein Meister mich benachteiligt hat.",,,,,,,
"Ich fühlte ..., weil ich meinen Vater telefonisch nicht erreichen konnte.",,,,,,,
"Ich fühlte ..., als mich im Schnee verlaufen habe",,,,,,,
"Ich fühlte ..., weil ich meinem Freund bei einer Schlägerei nicht geholfen habe und einfach davon gerannt bin.",,,,,,,
"Ich fühle ..., wenn ich an die Zukunft des Landes denke",,,,,,,
"Ich fühlte ..., als ich nachts Geräusche auf der Terrasse hörte. Zum Glück waren es nur miteinander kämpfende Katzen.",,,,,,,
"Ich fühlte ..., als mich meine Frau in der Nacht aufgeweckt hat und mir gesagt hat, dass der Schwangerschaftstest positiv ist.",,,,,,,
"Ich fühlte ..., als ich daran dachte wie knapp ich einem Unfall entkommen bin.",,,,,,,
"Ich fühlte ..., als mein Sohn eine schlechte Note mit nach Hause gebracht hat",,,,,,,
Ich fühlte ... als ich einen Freund nach langer Zeit wieder gesehen habe.,,,,,,,
"Ich fühlte ..., als ich von meiner Vorgesetzten ein Email erhalten habe, dass ich zu viele Gutstunden habe - ich konnte nämlich meine Arbeit nicht in der vorgegebenen Zeit erledigen.",,,,,,,
"Ich fühlte ..., als der späte Ausgleich fiel",,,,,,,
"Ich fühlte ..., als Donald Trump zum Präsident der Vereinigten Staaten gewählt wurde",,,,,,,
"Ich fühlte ..., weil es meinem Vater gesundheitlich wieder besser ging.",,,,,,,
"Ich fühlte ..., als ich nach der Geburt meines Sohnes, ihn das erste Mal in den Armen hielt",,,,,,,
"Ich fühlte ..., als mein Sohn mit ins Krankenhaus eingeliefert wurde und dort eine schwere Infektion behandelt wurde.",,,,,,,
"Ich fühlte ..., als mir mein Fahrradsattel geklaut wurde.",,,,,,,
"Ich fühlte ..., als ich erfahren habe dass meine Frau fremdgegangen ist.",,,,,,,
"Ich fühlte ..., als meine Frau mir gesagt hat, dass sie wieder schwanger ist.",,,,,,,
"Ich fühlte ..., als ich einen traurigen Song im Radio hörte.",,,,,,,
"Ich fühlte ..., als ich zu spät zu einem Termin kam, weil ich mich morgens mal wieder verzettelt hatte.",,,,,,,
"Ich fühlte ..., als mir an einem Geldautomaten vor einigen Jahren Geld gestohlen wurde.",,,,,,,
"Ich fühlte ..., als ich fremdgegangen bin.",,,,,,,
"Ich fühlte ..., wenn ich sah wie andere in einem Restaurant ungeniert am Tisch in der Nase bohrten.",,,,,,,
"Ich fühlte ..., als ich mit meinem Sohn rumgetobt bin",,,,,,,
"Ich fühlte ..., als ich durch einen fahrlässigen Fehler einem anderen einen größeren finanziellen Schaden zugefügt habe.",,,,,,,
"Ich fühlte ..., als mir ein Monitor gestohlen wurde.",,,,,,,
"Ich fühlte ..., ich meine Mutter angelogen habe.",,,,,,,
"Ich fühlte ..., als ich zum Geburtstag einen Wunschpullover geschenkt bekommen habe.",,,,,,,
"Ich fühlte ..., als ich das Geburtstagsgeschenk für meinen Sohn zu spät bestellte, sodass es erst nach seinem Geburtstag eintraf.",,,,,,,
"Ich fühlte ..., als ich in einen Autounfall verwickelt war.",,,,,,,
"Ich fühlte ..., als mein Hund gestorben ist",,,,,,,
"Ich fühle ..., wenn ich Niere oder Leber rieche.",,,,,,,
"Ich fühlte ..., als in meiner Gemeinde ein Nichtsesshafter verprügelt wurde.",,,,,,,
"Ich fühlte ..., als mein Sohn seine Verlobte heiratete",,,,,,,
"Ich fühlte ..., als ich furzen musste als eine Freundin dabei war und diese es mitbekommen hat",,,,,,,
"Ich fühlte ..., weil meine Freundin mich überraschend besuchte.",,,,,,,
"Ich fühlte ..., als ich vom Tod eines Bekannten erfuhr.",,,,,,,
"Ich fühlte ..., als ich das Grünkohlgericht sah, und vor allem roch",,,,,,,
"Ich fühlte ..., als ich die Arbeit in einem Schlachthof beobachten musste.",,,,,,,
"Ich fühlte ..., weil ein großer Teil essen im Kühlschrank verschimmelt war.",,,,,,,
"Ich fühlte ..., als mein Lieblingsverein den Ausgleich fing",,,,,,,
"Ich fühlte ..., als ich meinen Sohn in der Straßenbahn maßregeln musste.",,,,,,,
"Ich fühlte ..., weil ich einen schönen Abend mit meiner Familie verbringen konnte.",,,,,,,
"Ich fühlte ..., als sich ein ehemaliger Klassenkamerad umgebracht hat.",,,,,,,
"Ich fühlte ..., als ich vergessen hatte die Blumen einer Freundin zu gießen, während sie in Urlaub war.",,,,,,,
"Ich fühlte ..., als ich wieder die Diät durchbrochen hatte",,,,,,,
"Ich fühlte ..., als ich mich geprügelt habe",,,,,,,
"Ich fühlte ..., als ich auf der Rückfahrt fast von einem Auto abgeräumt wurde",,,,,,,
"Ich fühlte ..., als sich ein Freund bei einer Party völlig danebenbenommen hat, und ich nichts tun konnte.",,,,,,,
"Ich fühlte ..., weil ich auf ihren Geburtstag vergessen hatte",,,,,,,
"Ich fühlte ..., als mein Auto von der Strasse abkam.",,,,,,,
"Ich fühlte ..., als ich vor vielen fremden Menschen eine Präsentation halten musste, auf die ich nicht gut vorbereitet war.",,,,,,,
"Ich fühlte ..., weil ein guter Bekannter versuchte, meine Freundin an zu machen.",,,,,,,
"Ich fühlte ..., als Ich einen Arbeitskollegen blöd von der Seite angemacht haben, weil ich n schlechten Tag hatte",,,,,,,
"Ich fühlte ..., als ich die Jobzusage für meinen aktuellen Job erhalten habe.",,,,,,,
"Ich fühlte ..., als ich bestohlen wurde.",,,,,,,
"Ich fühlte ..., als ich von der schweren Krankheit meiner Mutter erfuhr.",,,,,,,
"Ich fühlte ..., als ich auf den Geburtstag meiner besten Freundin vergaß",,,,,,,
"Ich fühlte ..., als ein rücksichtsloser Autofahrer durch ein gefährliches Überholmanöver fast einen Unfall verursacht hat.",,,,,,,
"Ich fühlte ..., als mir beim Grillen das Grillgut verbrannt ist.",,,,,,,
"Ich fühlte ..., weil ich von 3 Männern verprügelt wurde",,,,,,,
"Ich fühlte ..., als ich eine Geburt im Fernsehen sah.",,,,,,,
"Ich fühle ..., wenn ich meine Kinder zu stark angemeckert oder angeschrien habe.",,,,,,,
"Ich fühlte ..., als ein Freund durch meine Unachtsamkeit mit dem Fahrrad schwer gestürzt ist.",,,,,,,
"Ich fühlte ..., als ich eine deutliche Gehaltserhöhung bekam.",,,,,,,
"Ich fühlte ..., weil ein großer Hund auf mich zugerannt kam, und weit und breit kein Herrchen in Sicht war.",,,,,,,
"Ich fühlte ..., als ich von meinem Sohn ein selbstgemaltes Bild geschenkt bekam.",,,,,,,
"Ich fühlte ..., als ich erwischt wurde wie ich einen Auffahrunfall verursacht habe",,,,,,,
"Ich fühlte ..., als ich in der Schule eine schlechte Note schrieb.",,,,,,,
"Ich fühlte ..., dass ich Geburtstag hatte.",,,,,,,
"Ich fühlte ..., als ich meinen Kater abgeben musste, weil ich beruflich zu viel reise.",,,,,,,
"Ich fühlte ..., als ich den Mixer meiner Freundin kaputtgemacht habe.",,,,,,,
"Ich fühlte ..., weil ich beim Shoppen meine Kinder verloren hatte und sie erst nach langem Suchen gefunden habe",,,,,,,
"Ich fühlte ..., als ich im Sommer die Biotonne öffnete und unzählig viel ekelhafte Würmer sah.",,,,,,,
"Ich fühlte ..., weil meine Oma krank war",,,,,,,
"Ich fühlte ..., als ich zu einer in einer Station fahrenden Straßenbahn gelaufen bin, der Fahrer mich gesehen hat und er losgefahren ist. Keine 5m später ist er aber stehen geblieben, da eine relativ hübsche Frau plötzlich losgelaufen ist ..... sexismus pur.",,,,,,,
"Ich fühlte ..., als mein Auto von der Strasse kam und es anfing, sich zu überschlagen.",,,,,,,
"Ich fühlte ..., als ich Schimmel auf dem Brot gesehen habe.",,,,,,,
"Ich fühlte ..., als ich mich nach viel Alkohol übergeben habe.",,,,,,,
Ich fühlte ... ab dem Tag wo ich erfuhr das mein lang ersehnter Urlaub endlich genehmigt wurde.,,,,,,,
"Ich fühle ..., weil meine Mutter schon vor zwei Jahren von uns gegangen ist und sie mir noch immer so sehr fehlt.",,,,,,,
"Ich fühlte ..., als ich etwas kaputt gemacht habe und nicht sagen wollte dass ich es war.",,,,,,,
"Ich fühlte ..., als ich den Wagen meiner Frau geschrottet habe",,,,,,,
"Ich fühlte ..., weil ich nichts für Kinder in Not spenden konnte.",,,,,,,
"Ich fühlte ..., als ich mit falscher Bereifung auf der Autobahn in Aquaplaning geraten bin. Das Auto war damals kaum unter Kontrolle zu halten, da ich etwas zu schnell unterwegs war.",,,,,,,
Ich fühlte ... auf die Bundeskanzlerin für den Satz Wir schaffen das,,,,,,,
"Ich fühlte ..., weil ich meiner Freundin nicht sofort helfen konnte.",,,,,,,
"Ich fühlte ..., weil ich mit meinem Rad unterwegs war und fast von einem Auto angefahren wurde",,,,,,,
"Ich fühlte ..., als ich aus Versehen schlechte Milch getrunken habe",,,,,,,
"Ich fühlte ..., als ich mit Freunden im Restaurant war, und alle fast blutige Steaks aßen.",,,,,,,
"Ich fühlte ..., als ich merkte dass im Supermarkt eine Kiste Cola zu viel berechnet wurde",,,,,,,
"Ich fühlte ..., als ich mein Abiturzeugnis in Händen hielt.",,,,,,,
"Ich fühlte ..., als ich mal beim Einkaufen meinen Geldbeutel vergessen habe.",,,,,,,
"Ich fühlte ..., als jemand mich ansprach und ich nicht wusste was ich antworten soll.",,,,,,,
"Ich fühlte ..., als ich in Hundekot getreten bin.",,,,,,,
"Ich fühlte ..., wenn ich indirekt Lohndumping unterstütze, indem ich Billigprodukte kaufe.",,,,,,,
"Ich fühlte ..., als ich letzten Monat mein Gehalt bekam.",,,,,,,
"Ich fühlte ..., als ich meiner Freundin nicht helfen wollte.",,,,,,,
"Ich fühlte ..., als ich mich zuletzt vor einigen Jahren übergeben musste.",,,,,,,
"Ich fühlte ..., als ich ein Stück Schokolade aß.",,,,,,,
"Ich fühlte ..., als meine Katze gestorben ist",,,,,,,
"Ich fühlte ..., als ich mal wieder einen Anwender zu frühzeitig angelegt hatte",,,,,,,
"Ich fühlte ..., weil ich manchmal zu geizig bin um armen Menschen etwas zu spenden.",,,,,,,
"Ich fühlte ..., als ich ein Ticket für Schwarzfahren bekam, weil ich mein Fahrschein vergessen hatte.",,,,,,,
"Ich fühlte ..., als G. Busch den Irak überfiel.",,,,,,,
"Ich fühlte ..., als ich wusste, dass ich meinen Traumjob gefunden hatte.",,,,,,,
"Ich fühlte ..., weil ich längere Zeit nicht beim Zahnarzt war.",,,,,,,
"Ich fühlte ..., als der Hund meiner Eltern gestorben ist.",,,,,,,
"Ich fühlte ..., als ich neues Parfum zu Weihnachten bekam.",,,,,,,
"Ich fühlte ..., als meine Mutter mich als Kind in die Schule begleitet hat ohne Aufforderung.",,,,,,,
"Ich fühlte ..., als ich merkte das ich beim Duschen in der Arbeit, beobachtet wurde.",,,,,,,
"Ich fühlte ..., als ich beleidigt wurde.",,,,,,,
"Ich fühlte ..., dass ich nicht mehr Zeit mit meinen Kindern verbringen kann.",,,,,,,
"Ich fühlte ..., als ich schimmliges Brot im Küchenschrank entdeckte.",,,,,,,
"Ich fühlte ..., als ich belogen wurde.",,,,,,,
"Ich fühlte ..., als ich als Jugendlicher nachts alleine auf einer verlassenen Straße entlang ging und ein Fremder schnell auf mich zukam.",,,,,,,
"Ich fühlte ..., als meine kleine Nichte alleine mit dem Schilift fuhr.",,,,,,,
"Ich fühlte ..., als meine Meinung nicht akzeptiert wurde.",,,,,,,
"Ich fühlte ..., als mein Papamonatantrag genehmigt wurde.",,,,,,,
"Ich fühlte ..., als meinen Eltern Geld geklaut habe um mir Aufkleber zu kaufen.",,,,,,,
"Ich fühlte ..., als ich merkte das mir niemand zu Weihnachten schrieb.",,,,,,,
"Ich fühlte ..., weil ich das letzte Stück Kuchen heimlich gegessen hatte.",,,,,,,
"Ich fühlte ..., als ich auf der Straße eine vom Auto überfahrende Katze liegen sah.",,,,,,,
"Ich fühlte ..., als mir nachts ein Auto auf meiner Seite entgegen kam.",,,,,,,
"Ich fühlte ..., als ich als einziger die Hausaufgaben nicht hatte.",,,,,,,
"Ich fühlte ..., als eine Sportwette von mir mit über 1000 € Gewinn lief.",,,,,,,
"Ich fühlte ..., als sich unser kleiner Nachbarjunge die Knie blutig fiel, weil ich nicht aufgepasst hatte.",,,,,,,
"Ich fühlte ..., als meine Schwiegermutter sich an Weihnachten völlig daneben benommen hat.",,,,,,,
"Ich fühlte ..., als ich den Namen meiner ehemaligen Kollegin nicht mehr wusste.",,,,,,,
"Ich fühlte ..., als ich einen Hundehaufen gelaufen bin.",,,,,,,
"Ich fühlte ..., als meine Tochter auf die Welt gekommen ist.",,,,,,,
"Ich fühlte ..., als ich das Spielzeug des Nachbarsjungen kaputt gemacht hatte.",,,,,,,
"Ich fühlte ..., als es mal fast einen Unfall gab beim Autofahren.",,,,,,,
"Ich fühlte ..., als ich im Bus meine Geldbörse verloren hatte, denn da waren neben meinen Dokumenten auch Bargeld drin.",,,,,,,
"Ich fühlte ..., als ich einen Hundehaufen auf dem Gehweg sah.",,,,,,,
"Ich fühlte ..., als meine Tochter trotz drei gelernter Berufe Sozialpädegogig zu Studieren begann. Weil Sie mit dem Studium ihre Situation noch mehr Verbessert.",,,,,,,
"Ich fühlte ..., als ich erfuhr dass man meinem Hund nicht mehr helfen konnte.",,,,,,,
"Ich fühlte ..., als mir nachts beim Schlafen eine Spinne ins Gesicht fiel.",,,,,,,
"Ich fühlte ..., als ich aus Wut den Spiegelschrank zerbrochen habe, an dem ich mir gerade zuvor den Kopf stark angestoßen habe.",,,,,,,
"Ich fühlte ..., als dieser schöne Task erneut hier zu sehen war.",,,,,,,
"Ich fühlte ..., als ich in den Wagen meines Vaters eine Beule gefahren hab.",,,,,,,
"Ich fühlte ..., weil die einzige Toilette vor Ort sehr dreckig war.",,,,,,,
"Ich fühlte ..., als ich es nicht mehr geschafft habe zum Friseur zu gehen uns meine Frisur schrecklich aussah",,,,,,,
"Ich fühlte ..., als mir nachts auf einer einsamen Strasse eine Person folgte.",,,,,,,
"Ich fühlte ..., als ich einige Würmer beim Vogelfutter entdeckte.",,,,,,,
"Ich fühlte ..., als ich eine anstrengende Arbeit erfolgreich abschließen konnte.",,,,,,,
"Ich fühlte ..., als ich bemerkte, dass ich beim Essen von Spaghetti mein Hemd verschmutzt habe.",,,,,,,
"Ich fühlte ..., als ich wusste das ich lecker Essen in der Küche hatte, um meinen Hunger zu stillen.",,,,,,,
"Ich fühlte ..., als Nachbarskind auf unseren Hund Steine durch den Zaun geworfen hat und sein Vater nichts dagegen unternommen hat, obwohl er in der Nähe gestanden und alles gesehen hat.",,,,,,,
"Ich fühlte ..., als ich als Kind alleine zu Hause war.",,,,,,,
"Ich fühlte ..., als ich all die Fäkalien in der Seitengasse sah.",,,,,,,
"Ich fühlte ... als ich, weil ich verschlafen hatte, zu spät zu dem Vortrag kam.",,,,,,,
"Ich fühlte ..., als ich meine langjährige Freundin endlich schwanger war.",,,,,,,
"Ich fühlte ..., als ich das Glas Marmelade aufschraubte, und der Inhalt bereits schimmlig war.",,,,,,,
"Ich fühlte ..., als mein Urlaub in Istanbul vorbei war, weil mich die die Stadt so faziniert und berührt hat von den Menschen und der Kultur.",,,,,,,
"Ich fühlte ..., weil ich dieses Jahr ohne meine Eltern Weihnachten verbringen mußte.",,,,,,,
"Ich fühlte ..., als sich unsere Katze auf dem Teppich erbrach.",,,,,,,
Ich fühle ... vor einem unappetitlichen Essen.,,,,,,,
"Ich fühlte ..., als ich merkte das der vermeintlich gute Käse schimmelig war.",,,,,,,
"Ich fühlte ..., als ich von den verschütteten Lawinenopfern erfuhr.",,,,,,,
"Ich fühlte ..., als mein Kollege mir ein Dokument mit einem daran klebenden Popel überreichte.",,,,,,,
"Ich fühlte ..., als ich in einem gläsernen Aufzug fahren musste.",,,,,,,
"Ich fühlte ..., dass meine beste Freundin in irgendwelche Idioten statt in mich verliebt war.",,,,,,,
"Ich fühlte ..., als Trump Präsident wurde.",,,,,,,
"Ich fühlte ..., weil ich mal zu schnell gefahren bin.",,,,,,,
"Ich fühlte ..., als mich jemand angelächelt hat.",,,,,,,
"Ich fühlte ..., als ich beim versehentlichen Schwarzfahren im Bus erwischt wurde.",,,,,,,
"Ich fühlte ..., als ich eine Toilettentür auf einer ungereinigten Autobahnraststätte öffnete.",,,,,,,
"Ich fühlte ..., weil ich einer Freundin nicht auf englisch einen satz beantworten konnte obwohl ich schonmal ein halbes Jahr in Kanada studiert habe.",,,,,,,
"Ich fühlte ..., als ich eine länger geplante Verabredung absagen musste.",,,,,,,
"Ich fühlte ..., als die beiden blonden Frauen langsam ihre Slips auszogen.",,,,,,,
"Ich fühlte ..., als sich ein Betrunkener in einer Bar übergab, mir auf die Jacke.",,,,,,,
"Ich fühlte ..., als ich letztens einen unerwarteten Lottogewinn hatte.",,,,,,,
"Ich fühlte ..., als der Biomülleimer anfing zu leben.",,,,,,,
"Ich fühlte ..., weil heute mein erster Arbeitstag nach langer Krankheit war.",,,,,,,
"Ich fühlte ..., als meine Frau eine Krebserkrankung überstanden hat.",,,,,,,
"Ich fühlte ..., als ich bei einer Bekannten laute Geräusche beim Toilettengang gemacht habe.",,,,,,,
"Ich fühlte ..., als mein Fahrrad kaputt gegangen ist.",,,,,,,
"Ich fühlte ..., als meine Mutter mich beim masturbieren erwischte.",,,,,,,
"Ich fühlte ..., als ich meine Schwester ausversehen geschlagen habe.",,,,,,,
"Ich fühlte ..., als mich eine Bekannte angerufen hat, die ich vergessen habe zum Geburtstag zu gratulieren.",,,,,,,
"Ich fühlte ..., als ich meinen Bruder gegen den Heizkörper geschubst habe und er sich am Kinn verletzt hat.",,,,,,,
"Ich fühlte ..., weil mir mal der Sprit ausging.",,,,,,,
"Ich fühlte ..., als ich mich von meinem sterbenden Vater nicht verabschieden konnte.",,,,,,,
"Ich fühlte ..., als ich von einem Auto verfolgt wurde, dem ich, aufgrund seiner Fahrweise, den Mittelfinger gezeigt hatte.",,,,,,,
"Ich fühlte ..., weil ich einen wichtigen Termin versäumte.",,,,,,,
"Ich fühlte ..., als ich einen großen Fleck auf meiner Bluse entdeckte.",,,,,,,
"Ich fühlte ..., dass es bei uns viele Idioten gibt die zu rechter Gewalt neigen.",,,,,,,
"Ich fühlte ..., als bei der Arbeit meine Krawatte in den Tee geraten ist.",,,,,,,
"Ich fühlte ..., als mein Vater verstorben ist.",,,,,,,
"Ich fühlte ..., als ich nach über einem Jahr wieder in den Urlaub fahren konnte.",,,,,,,
"Ich fühlte ..., als ich in einem See geschwommen bin, dessen Grund ich nicht sehen konnte.",,,,,,,
"Ich fühlte ..., als mein Vater im Dezember 2018 verstorben ist.",,,,,,,
"Ich fühlte ..., als ich vergessen hatte meiner Frau das Licht anzumachen.",,,,,,,
"Ich fühlte ..., als ich an einem Feld vorbeifuhr wo Gülle versprüht wurde.",,,,,,,
"Ich fühlte ..., als ich zum ersten mal sah, wie mein 2-Jähriger Sohn auf Narkosemittel vor der OP reagiert.",,,,,,,
"Ich fühlte ..., als ich eine große Spinne im meinem Haus entdeckte.",,,,,,,
"Ich fühlte ..., als ich einen Alptraum hatte, der in meinem Bett begann.",,,,,,,
"Ich fühle ..., wenn ich eine Spinne in der Ecke sehe.",,,,,,,
"Ich fühlte ..., als ich eine neue Frau kennengelernt habe.",,,,,,,
"Ich fühlte ..., als ich in einem Fahrstuhl zwischen zwei Etagen Festhing. Weil der Fahrstuhl ohne Ersichtlichen Grund mit einmal Stehen blieb.",,,,,,,
"Ich fühlte ..., als ich schlechte Milch getrunken habe.",,,,,,,
"Ich fühlte ..., als mir ein anderes Auto auf der Überholspur zu dicht aufgefahren ist und eine ganze Weile an der Stoßstange geklebt hat.",,,,,,,
"Ich fühlte ..., als der Diätplan den Mittag nicht überlebt hat.",,,,,,,
"Ich fühlte ..., als ich als Teenager im Kino zu dem Film Titanic geweint habe, obwohl die Handlung mit den Ergebnissen ja bekannt war.",,,,,,,
"Ich fühlte ..., als ich eine PEchsträhne beim Poker hatte, die die ganze Nacht anhielt.",,,,,,,
"Ich fühlte ..., als meine Reha abgelehnt wurde.",,,,,,,
"Ich fühlte ..., als ich etwas falsch gemacht habe",,,,,,,
"Ich fühlte ..., als ich Silvester alleine gefeiert habe.",,,,,,,
"Ich fühlte ..., als ein Freund mir ein geschmackloses Youtube-Video schickte und ich es tatsächlich angeschaut habe.",,,,,,,
"Ich fühlte ..., als ich die Nachricht erhalten habe, dass die Mutter eines guten Freundes verstorben ist.",,,,,,,
"Ich fühlte ..., als ich in Hundescheiße getreten bin.",,,,,,,
"Ich fühlte ..., als meine Lieblings-Oma gestorben ist.",,,,,,,
"Ich fühlte ..., als mein Kind fast auf die Straße gerannt ist bei voller Fahrbahn.",,,,,,,
"Ich fühlte ..., weil ich ein schönes Geschenk bekommen habe.",,,,,,,
"Ich fühlte ..., als ich eine Einladung zu einem Date bekommen habe.",,,,,,,
"Ich fühlte ..., als meine Katze eine tote Maus in die Küche schleppte.",,,,,,,
"Ich fühlte ..., als ich eine Konzertkarte gewonnen habe.",,,,,,,
"Ich fühlte ..., als ich bemerkte. dass eine meiner Pflanzen eingegangen ist um die ich mich eigentlich kümmern wollte.",,,,,,,
"Ich fühlte ..., als ich in den Medien von einer Vergewaltigung las.",,,,,,,
"Ich fühlte ..., als ich als kind ins bett gepinkelt habe.",,,,,,,
"Ich fühlte ..., als ich bei etwas verbotenem entdeckt wurde.",,,,,,,
"Ich fühlte ..., als ich als kleines Kind von zu Hause weggelaufen war, um mir beim Bauern eine Katze zu holen. Ich ging einfach hin, nahm sie und rannte weg. Später musste ich noch einmal hin und mich artig bedanken.",,,,,,,
"Ich fühlte ..., als ich nach langer Zeit einen alten Freund getroffen habe.",,,,,,,
"Ich fühlte ..., als ich meiner Tochter den Popo abgewischt habe,",,,,,,,
"Ich fühlte ..., als ein Öltanker nach einer Havarie eine Umweltkatastrophe verursacht hatte.",,,,,,,
"Ich fühlte ..., weil mich meine Kindheitserinnerungen ergriffen. Ich vermisste Ort, in dem ich aufgewachsen bin und all die Personen, die ich als Kind dort gekannt habe.",,,,,,,
"Ich fühlte ..., als ich das Katzenklo säuberte.",,,,,,,
"Ich fühlte ..., als ich dieses Jahr mehrfach in den Urlaub flog, obwohl es viele andere gibt, die das finanziell nicht können.",,,,,,,
"Ich fühlte ..., als ich meinen Hund verkaufen musste.",,,,,,,
"Ich fühlte ..., als mein erstes Haustier, eine Schildkröte, verstarb.",,,,,,,
"Ich fühlte ..., als meine Partei erfolgreich war.",,,,,,,
"Ich fühlte ..., als meine Freudin von einem Typen auf der Straße blöd angemacht wurde.",,,,,,,
"Ich fühlte ..., als ich bei einem Vortrag unvorbereitet war.",,,,,,,
"Ich fühlte ..., als ich wieder Gesund war nach einer Erkältung.",,,,,,,
"Ich fühlte ..., als ich von einem Freund bloßgestellt wurde.",,,,,,,
"Ich fühlte ..., als ich feststellte, dass ein Kunde, dem ich mit meinem Handeln sehr entgegen gekommen war, nachdem er mir seine Leidensgeschichte erzählt hatte, mich belogen hatte.",,,,,,,
"Ich fühlte ..., als ich mich beim Sport verletzt habe.",,,,,,,
"Ich fühlte ..., als ich einmal vergessen habe, meinem Mann den Mittagessen zuzubereiten. Als er in seiner Mittagspause dann nach Hause kam, musste er ein Brot und Wurst essen.",,,,,,,
"Ich fühlte ..., als meine Mutter nach nur wenigen Wochen erneut ins Krankenhaus mußte.",,,,,,,
"Ich fühlte ..., als Michel van Gerwen am 1.1.2019 die Dartsweltmeisterschaft gewonnen hat.",,,,,,,
"Ich fühlte ..., weil ich etwas Wichtiges bei einem Vortrag vergaß.",,,,,,,
"Ich fühlte ..., als ich an Silvester die Boule-Schüssel vom Tisch geschmissen habe.",,,,,,,
"Ich fühlte ..., als mein Sohn mit einer schlechten Note weinend nach Hause kam, obwohl er so viel gelernt hatte.",,,,,,,
"Ich fühlte ..., als meine Oma gestorben ist.",,,,,,,
"Ich fühlte ..., als ein Fremder mich beim öffentlichen Urinieren ertappte.",,,,,,,
"Ich fühlte ..., als meine Partnerin unverhofft ins Krankenhaus eingeliefert wurde.",,,,,,,
"Ich fühlte ..., als mein Hund überfahren wurde.",,,,,,,
"Ich fühlte ..., als ich das letzte Mal beim Friseur war.",,,,,,,
"Ich fühlte ..., als ich etwas kaputt machte.",,,,,,,
"Ich fühlte ..., als ich bei Clixsense eine Aufgabe machen konnte, die sehr ertragreich war.",,,,,,,
"Ich fühlte ..., als ich im ersten Anlauf meine Fahrprüfung vermasselt hatte und es zu Hause beichten musste",,,,,,,
"Ich fühlte ..., als ich mit meiner Familie in einen seit Monaten gebuchten Urlaub fahren wollte. Fünf Tage vor Reiseantritt hat uns das Hotel abgesagt, da unsere Ferienwohnung nicht rechtzeitig mit dem Bau fertig geworden war. So mussten wir unseren Urlaub zu Hause verbringen.",,,,,,,
"Ich fühlte ..., als ich auf dem Rückweg fast von einem Auto erfasst wurde.",,,,,,,
"Ich fühlte ..., als ich schmutziges Abwasser wegschütten musste.",,,,,,,
"Ich fühlte ..., als ich an Silvester alleine mit meinen Kindern war.",,,,,,,
"Ich fühlte ..., alsein Kleidungsstück, das ich online bestellen wollte, vergriffen war.",,,,,,,
"Ich fühlte ..., als mein Sohn in die Windel gemacht hat und ich es wegmachen musste.",,,,,,,
"Ich fühlte ..., als mein Sohn in Hundekot trat und seine Schuhe entsprechend rochen.",,,,,,,
"Ich fühlte ..., als mein Vater nach langer Krankheit verstarb.",,,,,,,
"Ich fühlte ..., als ich mich über die Sturheit einer Person aufgeregt hatte.",,,,,,,
"Ich fühlte ..., als ich in meiner Pubertät zum ersten Mal den Zungenkuss mit einem Jungen erlebt habe.",,,,,,,
"Ich fühlte ..., als ich bestohlen wurde.",,,,,,,
"Ich fühlte ..., als ich nach einem Unfalll ins Krankenhaus kam und alte kapute Unterwäsche trug",,,,,,,
"Ich fühlte ..., als ich befördert wurde.",,,,,,,
"Ich fühlte ..., als mein bester Freund meinen Geburtstag vergeseen hatte.",,,,,,,
"Ich fühlte ..., als ich schon wieder die falschen Lottozahlen ausgewählt hatte.",,,,,,,
"Ich fühle ..., dass ""Gott"" junge Menschen sterben lässt.",,,,,,,
"Ich fühlte ..., als es endlich geschneit hat und man direkt bemerkt hat, dass der Schnee nicht liegen bleibt und sofort schmilzt.",,,,,,,
"Ich fühlte ..., als mein bester Freund weggezogen ist.",,,,,,,
"Ich fühlte ..., als ich den Wunschzettel meines Sohnes für Weihnachten verlegte.",,,,,,,
"Ich fühlte ..., als der Schauspieler Alan O'Neill verstarb.",,,,,,,
"Ich fühlte ..., als ich meinen Sohn beschimpt habe, weil dieser Nachts wach wurde. Er konnte ja nichts dafür, weil er krank war.",,,,,,,
"Ich fühlte ..., als mein Hund gestorben ist",,,,,,,
"Ich fühlte ..., als mir bewusst wurde, dass ich in meine beste Freundin verliebt war.",,,,,,,
"Ich fühlte ..., als ich ein blutiges, nicht richtig durchgebratenes Steak probiert habe, nachdem ich zuvor einige Jahre überhaupt kein Fleisch gegessen hatte.",,,,,,,
"Ich fühlte ..., als ich eine Verwandte Weihnachten nicht angerufen habe und sie kurz nach den Feiertagen verstorben ist.",,,,,,,
"Ich fühlte ..., als ich im Fahrstuhl pupsen musste.",,,,,,,
"Ich fühlte ..., als ich mit meinen Arbeitskollegen ohne Ende Witze gerissen habe.",,,,,,,
"Ich fühlte ..., als ich eine Rede halten musste.",,,,,,,
"Ich fühlte ..., als ich mich zu einem wichtigen Meeting verspätete.",,,,,,,
"Ich fühlte ..., als ich feststellen mußte, dass ich um eine Erbschaft betrogen wurde.",,,,,,,
"Ich fühlte ..., als eine Aktienanlage mit einem Totalverlust endete.",,,,,,,
"Ich fühlte ..., dass der Telefonterror wieder keine Ende nahm",,,,,,,
"Ich fühlte ..., als ich keine Zeit für meine beste Freundin hatte.",,,,,,,
"Ich fühlte ..., als ich vergaß meine Hausaufgaben zu machen.",,,,,,,
"Ich fühlte ..., als die Stimmung in der U-Bahn Station immer aggressiver wurde und die Situation zu eskalieren drohte.",,,,,,,
"Ich fühlte ..., als ich in die falsche Toilette gelaufen bin.",,,,,,,
"Ich fühlte ..., als ich ein öffentliches WC betrat.",,,,,,,
"Ich fühlte ..., als ich einem verkehrten Mitarbeiter eine Abmahnung ausgesprochen habe.",,,,,,,
"Ich fühlte ..., weil ich dachte das ich ein Versager bin.",,,,,,,
"Ich fühlte ..., als ich sah, wie ein flüchtiger Bekannter in der Stadt in Mülleimern nach Zigarettenkippen suchte.",,,,,,,
"Ich fühlte ..., als ich einem bewußtlosen Menschen nicht helfen konnte.",,,,,,,
"Ich fühlte ..., weil eine Wette nicht geklappt hat.",,,,,,,
"Ich fühlte ..., als ein kleiner Junge durch mein Fehlverhalten mit dem Fahrrad gestürzt ist.",,,,,,,
"Ich fühlte ..., als ein ehemaliger Klassenkamerad durch Suizid zu Tode kam.",,,,,,,
"Ich fühlte ..., als mich jemand angelogen hatte.",,,,,,,
"Ich fühlte ..., als mein S-Bahn morgens nicht fuhr und ich im Hauptbahnhof meinen ICE nach Hause nicht mehr erreichen konnte.",,,,,,,
"Wir waren einmal zu Besuch, mein Sohn war damals noch klein. Die Frau des Hauses züchtete Orchideen und hatte eine prachtvolle Sammlung auf der Fensterbank. Unser Sohn spielte mit dem Hund und die beiden sind überall rum gerannt, dabei haben sie einige Töpfe mit Orchideen umgestoßen. Da fühlte ich ....",,,,,,,
"Ich fühlte ..., als ich im Sommer letzten Jahres versehentlich meinen kleinen Hund auf unserem Balkon ausgeschlossen hatte. Ich war draußen gesessen und hatte beim reingehen die Balkontür geschlossen. Dabei hatte ich meinen Hund übersehen. Erst nach einer Stunde viel mir auf, dass er nicht da war. Als ich auf dem Balkon nachsah, war er im Schatten unter den Tisch.",,,,,,,
"Ich fühlte ..., als Deutschland Fußball-Weltmeister geworden ist.",,,,,,,
"Ich fühlte ..., als mein 2. Kind geboren wurde.",,,,,,,
"Ich fühlte ..., als ich nach Arbeitslosigkeit endlich wieder einen Job fand.",,,,,,,
"Ich fühlte ..., als ich in einer Fernsehsendung sah, wie die Kamera die Zuschauer zufällig aufgenommen hat und dabei einen Mann erwischt hat, der gerade in der Nase gebohrt hat.",,,,,,,
"Ich fühlte ..., als ich im Radio einen Bericht über DarkNet gehört habe. Auf einer Plattform haben eine Mutter und ihr Partner ihren 12-Jährigen Sohn zum Geschlechtsverkehr angeboten.",,,,,,,
"Ich fühlte ..., als ich verschimmeltes Brot gegessen habe.",,,,,,,
"Ich fühlte ..., als ich mich nach viel Alkohol übergeben mußte.",,,,,,,
"Ich fühlte ..., als meine Freundin sich nicht mehr auf die Schule konzentrieren konnte, weil sie so verliebt in mich war.",,,,,,,
"Ich fühlte ..., als ich als Kind im Zimmer allein gelassen wurde.",,,,,,,
"Ich fühlte ..., als ich im Auto seltsame Geräusche hörte.",,,,,,,
"Ich fühlte ..., als ich neulich krank feierte.",,,,,,,
"Ich fühlte ..., als ich erfuhr das mein geplanter Urlaub nicht genehmigt wurde.",,,,,,,
"Ich fühlte ..., als ich einen goldenen Ring im herbstlichen Park verloren habe, weil ich ihn auf dem Stoffhandschuh obendrauf getragen habe und dann samt Handschuh ausgezogen habe.",,,,,,,
"Ich fühlte mich ..., als ich wegen eines Auswärtstermins länger arbeiten musste und mein Hund den ganzen Tag alleine zu Hause.",,,,,,,
"Ich fühlte ..., als ich die Lieblingstasse meiner Frau fallengelassen habe.",,,,,,,
"Ich fühlte ..., weil ich wusste das ich wegen Hämorrhoiden untersucht werden musste.",,,,,,,
"Ich fühlte ..., weil ich zugeben musste, dieses Buch nie gelesen zu haben.",,,,,,,
"Ich fühlte ..., als meine erste Katze gestorben war.",,,,,,,
"Ich fühlte ..., weil ich vergessen hatte, die Mitarbeiterin zu informieren.",,,,,,,
"Ich fühlte ..., als ich mein Auslandsjahr in Neuseeland beenden musste.",,,,,,,
"Ich fühlte ..., als einmal beim Essen in der Kantine ich ein langes schwarzes Haar in meinem Kartoffelpüree entdeckt habe.",,,,,,,
"Ich fühlte ..., weil mein Hosenschlitz bei der Arbeit offen stand.",,,,,,,
"Als Leiter einer Veranstaltung tauchte ein Problem auf, für das ich keine Lösung hatte. Ich fühlte ..., dass die Situation eskaliert.",,,,,,,
"Ich fühlte ..., als ich einen Autounfall hatte.",,,,,,,
"Ich fühlte ..., als eine gute Bekannte von mir in einem Lokal mit ihrem Geld geprahlt hat.",,,,,,,
"Ich fühlte ..., als die deutsche Nationalmannschaft in der Vorrunde der Weltmeisterschaft ausgeschieden ist.",,,,,,,
"Ich fühlte ..., als ich die primitven Reaktionen eines Fußballspielers des FCB auf den Tweet zu seinem vergoldeten Steak las.",,,,,,,
"Ich fühlte ..., als ich eine Windel wechseln musste.",,,,,,,
"Ich fühlte ..., als ich als kleines Kind mit meiner Mutter im Winter spazieren gegangen bin, wir gingen gerade über einen zugefrorenen See, als ein Mann mit einem großen, bellenden Hund auf uns zukam. Ich war damals starr vor Angst vor diesem großen, lauten Tier.",,,,,,,
"Ich fühlte ..., als ich meinen Hund verloren habe.",,,,,,,
"Ich fühlte ..., als ich jemanden etwas aus dem Einkaufskorb genommen habe da es das letzte Produkt war das es gab und unbedingt haben wollte.",,,,,,,
"Ich fühlte ..., als meine Tochter mit dem Steissbein zuerst geboren wurde. Weil sie die Nabelschnur um den Hals gewickelt hatte, hatte ich sehr grosse ... um sie.",,,,,,,
"Ich fühlte ..., als ich Nachts allein die Treppe runtergelaufen bin.",,,,,,,
"Ich fühlte ..., als ich meine Kinder mehrere Tage nicht sehen konnte.",,,,,,,
"Ich fühlte ..., als ein Busfahrer mich beim Radfahren übersah und beinahe überfahren hätte.",,,,,,,
"Ich fühlte ..., dass die Grenzen für Glücksritter nur in Deutschland mal wieder sperrangelweit offen sind.",,,,,,,
"Ich fühlte ..., als Weihnachten war und man mit der ganzen Familie zusammen war.",,,,,,,
"Ich fühlte ..., als das Wochenende anbrach.",,,,,,,
"Ich fühlte ..., dass die Grünen und die SPD so naiv und selbstzerstörend sind.",,,,,,,
"Ich fühlte ..., als jemand beim einparken mein Auto beschädigte, und sich einfach aus dem Staub machte.",,,,,,,
"Ich fühlte ..., als ich einen Alptraum hatte.",,,,,,,
"Ich fühlte ..., weil ich mein Sportübungsprogramm nicht eingehalten habe.",,,,,,,
"Ich fühlte ..., als mein Herz nachts unkontrolliert raste.",,,,,,,
"Ich fühlte ..., als ich erfahren habe, dass meine Nachbarin verstorben ist.",,,,,,,
"Ich fühlte ..., als man mir sagte, dass ich in einen Hundehaufen getreten bin.",,,,,,,
"Ich fühlte ..., als ich meinen zweijährigen Neffen versehentlich gegen einen Stuhl geschubst habe und er sich den Kopf angeschlagen hatte.",,,,,,,
Ml,,,,,,,
"Ich fühlte ..., als ich eine Schnecke sah.",,,,,,,
"Ich fühlte ..., als ich einen guten Bekannten des Diebstahls bezichtigte.",,,,,,,
"Ich fühlte ..., als ich nackt in der Sauna war",,,,,,,
"Ich fühlte ..., als mein Bruder von anderen Kindern in der Schule geschlagen wurde.",,,,,,,
"Ich fühlte ..., als mein Großvater Demenz bekam und zu meinen Eltern zog, ich ihn aber nur selten besuchte.",,,,,,,
"Ich fühlte ..., als ich mir an der Spiegelschrankecke im Bad den Kopf angeschlagen habe, so dass er geblutet habe. Aus Wut habe ich sogar diesen Schrank zerstört.",,,,,,,
"Ich fühlte ..., als vor meinem Haus große Ruhestörung in der Nacht betrieben wurde.",,,,,,,
"Ich fühlte ..., als meine körperliche Gesundheit auf dem Spiel stand.",,,,,,,
"Ich fühlte ..., als mich das Krankenhaus kontaktierte, da mein Vater notoperiert werden musste.",,,,,,,
"Ich fühlte ..., als ein anderes Kind meinen Bruder geschlagen hat.",,,,,,,
"Ich fühlte ..., als ich merkte, dass ich meinen Geldbeutel zuhause vergessen hatte und gerade dabei war mir Konzertkarten zu kaufen.",,,,,,,
"Ich fühlte ..., als ich ein Geheimnis nicht für mich behalten konnte.",,,,,,,
"Ich fühlte ..., als ich in Berlin in der U-Bahn saß und ein Bettler mit einem schrecklichen Gestank nach Kleingeld fragte.",,,,,,,
"Ich fühlte ..., weil mir mal beim Urlaub das Geld ausging.",,,,,,,
"Ich fühlte ..., als mein neues Motorrad schon nach wenigen Wochen defekt war.",,,,,,,
"Ich fühlte ..., als ich meinen Master in der Tasche hatte.",,,,,,,
"Ich fühlte ..., als ich als Kind gestohlen hatte.",,,,,,,
"Ich fühlte ..., weil ich hilflos im Bett lag nach einem Hexenschuss.",,,,,,,
"Ich fühlte ..., als ich endlich mal wieder meine alten Klassenkameraden getroffen habe auf dem Weihnachtsmarkt.",,,,,,,
"Ich fühlte ..., als ich mein Wunschgeschenk zu Weihnachten bekam.",,,,,,,
"Ich fühlte ..., als eine Zufallsbekanntschaft mich zu einem Date einlud.",,,,,,,
"Ich fühlte ..., als ich vom Blitzeis überrascht wurde, und weiter fahren musste.",,,,,,,
"Ich fühlte ..., als ich einen Anruf bekommen habe, dass meine Cousine heiratet.",,,,,,,
"Ich fühlte ..., als ich mir zuwenig Zeit auf der Toilette genommen habe und merkte, dass die letzten Tropfen Urin nun in der Unterhose gelandet sind.",,,,,,,
"Ich fühlte ..., als mir meine Mutter als Kind immer mit Spucke und einem Taschentuch irgendwelche Flecken im Gesicht entfernt hat.",,,,,,,
"Ich fühlte ..., als ich einem Obdachlosen, der mit seinem Hund vor dem Geschäft saß, eine Schale mit Salat und Brötchen gekauft habe und er war sehr erfreut darüber.",,,,,,,
"Ich fühlte ..., als ich einen Vortag halten musste, für den ich nicht gerlernt habe",,,,,,,
"Ich fühlte ... nach dem ersten Mal, als ich wählen durfte, und sich meine vermeintlich ""taktische"" Wahl nach wenigen Wochen bereits als die absolut falsche herausstellte.",,,,,,,
"Ich fühlte ..., als meine Mannschaft verloren hat.",,,,,,,
"Ich fühlte ..., als ich mit einer Erkältung im Bett lag.",,,,,,,
"Ich fühlte ..., als ich mithören musste, wie meine Nachbarin belogen wurde.",,,,,,,
"Ich fühlte ..., als tote Kinder als Kriegsopfer im TV gezeigt wurden.",,,,,,,
"Ich fühlte ..., weil ich vergaß eine Pflanze zu gießen.",,,,,,,
"Ich fühlte ..., weil ich merkte, dass ich angelogen wurde.",,,,,,,
"Ich fühlte ..., als ich auf Arbeit unzufrieden war.",,,,,,,
"Ich fühlte ..., als mein Fussballverein deutscher Meister geworden ist und ich bei der Feier war.",,,,,,,
"Ich fühlte ..., als ich in der Arbeit den Kühlschrank nach den Weihnachtsferien aufgemacht habe und riesige grüne Schimmelberge gesehen habe.",,,,,,,
"Ich fühlte ..., als ein entgegenkommendes Auto auf meine Strassenseite rüberzog und frontal auf mich zukam.",,,,,,,
"Ich fühlte ..., als ich für eine wichtige Prüfung während des Studiums nicht gelernt hatte.",,,,,,,
"Ich fühlte ..., als ich ein benutztes Kondom auf dem Gehweg gesehen habe.",,,,,,,
"Ich fühlte ..., als ich freunde getroffen habe.",,,,,,,
"Ich fühlte ..., als ich in den Nachrichten gelesen habe, dass ein Kleinkind seine Eltern durch einen Unfall verloren hat. Als Vater war das eine schreckliche Vorstellung für mich.",,,,,,,
"Ich fühlte ..., als ich einem Freund die falsche Abfahrtszeit mitgeteilt habe und er deswegen den Zug verpasst hat.",,,,,,,
"Ich fühlte ..., als ich mich im Schwimmbad umgezogen habe und dabei von einer Frau beobachtet wurde.",,,,,,,
"Ich fühlte ..., weil ich von einem längst vergessenem Schulfreund Post bekam.",,,,,,,
"Ich fühlte ..., weil ich den Termin vergessen hatte.",,,,,,,
"Ich fühlte ..., als im Zug jemand ganz abartig gestunken hat.",,,,,,,
"Ich fühlte ..., als meine Lieblingsmannschaft wieder mal verloren hat.",,,,,,,
"Ich fühlte ..., weil ich meinem Vater nicht die Wahrheit sagen konnte.",,,,,,,
"Ich fühlte ..., als ich ins Krankenhaus mit Verdacht auf Magendurchbruch eingeliefert wurde. Weil ich über Stunden hinweg starke Bauchschmerzen hatte.",,,,,,,
"Ich fühlte ..., als das Büro neulich nach Käse gerochen hat.",,,,,,,
"Ich fühlte ..., als mein Hamstermädchen gestorben ist, das ich als Kind zu Hause hatte. Ich habe es dann in einer kleinen Schachtel hinterm Haus begraben.",,,,,,,
"Ich fühlte ..., als meine Familie und ich zu unseren neuen Nachbarn eingeladen worden waren. An dem Abend haben wir Chinesisch gegessen und ich habe gelernt mit Stäbchen zu essen. Es war sehr lecker und ungewöhnlich.",,,,,,,
"Ich fühlte ..., als Frau Nahles das BGE ablehnte.",,,,,,,
"Ich fühlte ..., als ich mich das letzte mal auf die Waage gestellt habe und meinem Freund darüber berichtete wieviel Kilo ich momentan wiege.",,,,,,,
"Ich fühle ..., dass ich nicht fußball spielen kann.",,,,,,,
"Ich fühlte ..., weil ich meiner Meinung nach nicht genug für andere getan habe.",,,,,,,
"Ich fühlte ..., als ich bei der Geburt meines ersten Kindes im Krankenhaus dabei war. EIn unbeschreiblich tolles Gefühl.",,,,,,,
"Ich fühlte ..., weil einige Käfer in meinem Wohnzimmer aufgetaucht sind.",,,,,,,
"Ich fühlte ..., als mich ein Freund angelogen hat.",,,,,,,
"Ich fühlte ..., als ich vergessen habe mein Kind aus der KIta abzuholen.",,,,,,,
"Ich fühlte ..., als ich alleine einen Horrofilm geschaut habe.",,,,,,,
"Ich fühlte ..., als ich mit meiner freundin schluss machte.",,,,,,,
"Ich fühlte ..., als ein Angehöriger von mir im Krankenhaus im Koma lag und fast gestorben wäre.",,,,,,,
"Ich fühlte ..., als ich einer Freundin aus reinem Gefallen versprochen habe, eine komplizierte Handarbeit zu erledigen und dann sehr lange dafür gebraucht.",,,,,,,
"Ich fühlte ..., als jemand sich übergeben hat.",,,,,,,
"Ich fühlte ..., als auf einem Konzert plötzlich der Strom kurz ausgefallen ist.",,,,,,,
"Ich fühlte ..., als mein Lieblingsverein den späten Ausgleich kassierte.",,,,,,,
"Ich fühlte ..., als ich sah das mein Kollege wegen mir Ärger bekam.",,,,,,,
"Ich fühlte ..., als ich eine tote Ratte im Bach fand.",,,,,,,
"Ich fühlte ..., als ich Freunde nach langem wieder sah.",,,,,,,
"Ich fühlte ..., als meine Bettdecke Flecken hatte, also wusch ich sie.",,,,,,,
"Ich fühlte ..., als ich vom Tod eine lieben Freundes hörte.",,,,,,,
"Ich fühlte ..., als ich mein Abiturzeugnis bekam und in einem kritischen Kurs weit besser abgeschnitten hatte als erwartet.",,,,,,,
"Ich fühlte ..., als mein Mann wegen der Folgen einer Organspende lebensbedrohlich verletzt wurde und es nicht klar war, ob er es überleben würde.",,,,,,,
"Ich fühlte ..., als ich meine Freundin alleine gelassen habe als sie betrunken war.",,,,,,,
"Ich fühlte ..., als unsere katze eingeschläfert werden musste.",,,,,,,
"Ich fühlte ..., dass ich meinen Herd nicht regelmäßig wachse, bzw. öle.",,,,,,,
"Ich fühle ..., wenn ich Wurst gegessen habe.",,,,,,,
"Ich fühlte ..., als meine Deutschlehrerin mir eine 5 für eine Interpretation gab.",,,,,,,
"Ich fühlte ..., als ich meinen Teil der Arbeit in einer Gruppenarbeit vergessen hatte.",,,,,,,
"Ich fühlte ..., dass ich im Lotto gewonnen habe.",,,,,,,
"Ich fühlte ..., als ich mich beim Sport am Knie verletzte.",,,,,,,
"Ich fühlte ..., als meine Tochter aufgeregt die Treppe zur Bescherung heruntergekommen ist.",,,,,,,
"Ich fühlte ..., als mir im Bad eine Spinne entgegen kam.",,,,,,,
"Ich fühlte ..., als ich jemanden belogen habe.",,,,,,,
"Ich fühlte ..., weil der Fahrstil meines Kollegen nicht sicher war.",,,,,,,
"Ich fühlte ..., als ich ungewollt etwas in einem Laden geklaut habe.",,,,,,,
"Ich fühlte ..., als mein geliebter Hund starb.",,,,,,,
"Ich fühlte ..., als meine Freundin mit mir Schluss gemacht hat.",,,,,,,
"Ich fühlte ..., als ich das erste Mal ins Spital zu einer Operation musste.",,,,,,,
"Ich fühlte ..., dass ich alle meine guten Vorsätze für das neue Jahr bereits gebrochen habe.",,,,,,,
"Ich fühlte ..., als mein bester Freund, der Wolfgang mich endlich wieder besuchen kam. Ich sehnte mich sehr nach seiner Umarmung und seinem dasein.",,,,,,,
"Ich fühlte ..., als ich zum ersten mal Wein getrunken habe als Kind.",,,,,,,
"Ich fühlte ..., als die Krankenkasse die Übernahme einer Behandlung abgelehnt hat.",,,,,,,
"Ich fühlte ..., als ich bei zu schneller Fahrt geblitzt wurde.",,,,,,,
"Ich fühlte ..., als ein großer Hund unangeleint auf mich zu rannte.",,,,,,,
"Ich fühlte ..., als ich von einem Unwetter überrascht wurde als ich mit dem Fahrrad unterwegs war.",,,,,,,
"Ich fühlte ..., als ich hörte, das ein guter Freund bei einem Marathonlauf zusammengebrochen und verstorben ist.",,,,,,,
"Ich fühlte ..., als mein Sohn beim Fussball eine so schwere Verletzung hatte, dass er über lange Zeit nicht richtig laufen konnte.",,,,,,,
"Ich fühlte ..., als mein bester Freund an Krebs verstorben ist.",,,,,,,
"Ich fühlte ..., als Essen im Kühlschrank schimmelte.",,,,,,,
"Ich fühlte ..., als ich zu Weihnachten Opernkarten geschenkt bekam.",,,,,,,
"Ich fühlte ..., als ich mit dem Auto fast einen schweren Unfall verursacht hätte.",,,,,,,
"Ich fühlte ..., als ich ein mit sehr viel Liebe selbst gebasteltes Geschenk zu Weihnachten bekommen habe.",,,,,,,
"Ich fühlte ..., als ich meine Kinder angeschrien habe.",,,,,,,
"Ich fühlte ..., als sich im Sommer auf den Früchten in der Küche sehr viele Fruchtfliegen gesammelt haben und als ich etwas aus der Schale nehmen wollte, alle hoch geflogen haben.",,,,,,,
"Ich fühlte ..., als mein bester Freund nach Australien gezogen ist.",,,,,,,
"Ich fühlte ... das letzte mal als ich beim Arbeitsmarktservice vorgeladen wurde da ich nicht zu einem Vorstellungsgespräch gegangen bin. Die ... bestätigte sich als ich dann für 1,5 Monate kein Geld bekam und somit keine Weihnachtsgeschenke kaufen konnte.",,,,,,,
"Ich fühlte ..., als ich eine Schramme in den Wagen meines Bruders gefahren habe.",,,,,,,
"Ich fühlte ..., als ich Vater wurde.",,,,,,,
"Ich fühlte ..., als ich sah wie meine Mutter immer kränker wurde.",,,,,,,
"Ich fühlte ..., als ich meinen ersten Flug hatte und der Flieger richtige Turbulenzen hatten.",,,,,,,
"Ich fühlte ..., als ich verschimmeltes Essen im Kühlschrank gefunden habe.",,,,,,,
"Ich fühlte ..., weil meine Jacke am Ärmel einen Riss hat, den jeder sehen konnte beim Einkaufen im Supermarkt.",,,,,,,
"Ich fühlte ..., als ich die Diagnose Krebs erhielt.",,,,,,,
"Ich fühlte ..., als ich beim Klettern abgerutscht bin.",,,,,,,
"Ich fühlte ..., als ich einen Gruselfilm sah. Ich war alleine zu Hause und noch sehr jung.",,,,,,,
"Ich fühlte ..., als meine Ex-Frau mich beleidigt hat.",,,,,,,
"Ich fühlte ..., weil mein Team das Turnier gewonnen hat.",,,,,,,
"Ich fühlte ..., als mein Kind zu nah am Bordstein stand als der Bus einfuhr.",,,,,,,
"Ich fühlte ..., als ich vor zwei Jahren quer durch die Elbe schwimmen musste.",,,,,,,
"Ich fühlte ..., als ich die Genehmigung für die Reha bekam.",,,,,,,
"Ich fühlte ..., als ich Schmerzen in der Brust hatte.",,,,,,,
"Ich fühlte ..., als ich sah wie jemand im Schnee hinfiel weil ich nicht geräumt habe.",,,,,,,
"Ich fühlte ..., als ich gemerkt habe, dass das Steak irgendwie nicht richtig durch war und ich eigentlich ein Medium bestellt hatte.",,,,,,,
"Ich fühlte ..., als ich nachts auf dem Weg nach Hause war und merkte, dass eine Gruppe junger Männer im angetrunkenen Zustand in der Unterführung standen, die ich durchqueren musste.",,,,,,,
"Ich fühlte ..., als das Essen komisch geschmeckt hat in einem Restaurant",,,,,,,
"Ich fühlte ..., als ich spät Abends allein ins Friedhof gehen musste.",,,,,,,
"Ich fühlte ..., weil ich meine Probleme nicht mit anderen teilen wollte.",,,,,,,
"Ich fühlte ..., als ich meien Freundin geküsst habe.",,,,,,,
"Ich fühlte ..., als ich am Ende des Semesters meine Module alle mit guten Noten bestanden hatte.",,,,,,,
"Ich fühlte ..., als ich ausversehen meine Kopfhöhrer kaputt gemacht habe.",,,,,,,
"Ich fühlte ..., als ich nach Hause geschickt wurde, weil wir keine Arbeit hatten.",,,,,,,
"Ich fühlte ..., weil von einem guten Freund betrogen wurde.",,,,,,,
"Ich fühlte ..., als das Case Management den unvollständigen Entlassungsbericht mitgab und null Engagement zeigte, den Fehler zu berichtigen.",,,,,,,
"Ich fühlte ..., als ich mit meinem Auto auf einem Parkplatz rückwärts gegen ein anderes Auto fuhr.",,,,,,,
"Ich fühlte ..., als meine Kinder geboren wurden. Ein unbeschreiblich freudiges Gefühl!",,,,,,,
"Ich fühlte ..., als mich eine Bekannte gefragt hat, ob mir ihr Kuchen geschmeckt hat, den sie mir zuvor gebracht hat. Ich musste lügen, dass er gut war, obwohl in der Wirklichkeit war er ungenießbar und ich musste ihn weg werfen.",,,,,,,
"Ich fühlte ..., als ich die vollen Windeln meiner Neffen gewechselt habe.",,,,,,,
"Ich fühlte ..., als mein Mann mich beim Sprechen mitten im Satz unterbrochen hat.",,,,,,,
"Ich fühlte ..., als ich mich selbst vor meiner Haustür ausgesperrt habe.",,,,,,,
"Ich fühlte ..., jedesmal wenn ich eines meiner Kinder nach der Geburt das erste Mal in meinen Armen hielt.",,,,,,,
"Ich fühlte ..., als mich eine Frau im Schwimmbad nackt gesehen hat.",,,,,,,
"Ich fühlte ..., als ich eine große Spinne in der Küche entdeckte.",,,,,,,
"Ich fühlte ..., als ich einen Bericht über Spinnen im Fernsehen gesehen habe.",,,,,,,
"Ich fühlte ..., als  im April 2018 meine geliebte Katze plötzlich eingeschläfert werden musste. Das tat sehr weh.",,,,,,,
"Ich fühlte ..., als meine Neffen zum ersten mal Schlitten gefahren sind und ich unsicher war ob sie heil unten ankommen.",,,,,,,
"Ich fühlte ..., als ich eine wichtige Aufgabe erledigen musste.",,,,,,,
"Ich fühlte ..., als ich endlich meinen Song fertig bekommen habe. Das war eine rießen Prozedur und wenn man etwas abschliesst dann freut man sich darüber total weil du es selbst geschafft hast!",,,,,,,
"Ich fühlte ..., weil eine mir bekannte Firma pleite ging.",,,,,,,
"Ich fühlte ..., als ich ein Haar in einem Essen gefunden habe. Sowas muss wirklich nicht sein in einem Restaurant. Ich ging dann und habe nicht bezahlt.",,,,,,,
"Ich fühlte ..., als ich als Kind beim lesen von ungeeigneten Büchern erwischt wurde.",,,,,,,
"Ich fühlte ..., als ich mein Match gewinnen konnte.",,,,,,,
"Ich fühlte ..., als ich mit einem entzündeten Auge einkaufen gehen musste.",,,,,,,
"Ich fühlte ..., als unser Auto im Urlaub im Ausland gestohlen wurde und wir deshalb mit zwei kleinen Kindern ziemlich hilflos waren.",,,,,,,
"Ich fühlte ..., als ich einen Arzttermin vergaß.",,,,,,,
"Ich fühlte ..., als mich meine WG-Mitbewohnerin im gemeinsamen Bad beim Duschen sah.",,,,,,,
"Ich fühlte ..., als ich einen Pickel ausdrückte und Eiter herausschoss.",,,,,,,
"Ich fühlte ..., als mir gesagt wurde, dass ich Weihnachtsgeld erhalten würde.",,,,,,,
"Ich fühlte ..., als ich mich mit dem Leben überfordert fühlte.",,,,,,,
"Ich fühlte ..., als die Kindergartenbetreuerin meines Sohnes mich anrief, damit ich meinen vermeintlich kranken Sohn abhole. Dabei war er gar nicht krank.",,,,,,,
"Ich fühlte ..., als ich beim Verlegen eines Wasserschlauchs eine tote Katze ausgebuddelt habe, die dort Monate vorher beerdigt wurde.",,,,,,,
"Ich fühlte ... über mich selbst, dass mir dieses Geschäft nicht gelungen war.",,,,,,,
"Ich fühlte ..., als ich bei einem Gewinnspiel gewonnen habe.",,,,,,,
"Ich fühlte ..., dass ich einmal eine Kleinigkeit in einem Laden stibitzte.",,,,,,,
"Ich fühlte ..., als ich erleben mußte, wie meine Mutter im Krankenhaus gestorben ist und keiner ihr helfen konnte.",,,,,,,
"Ich fühlte ..., als ich mein Match gewann.",,,,,,,
"Ich fühlte ..., als im Sommer die Mülltonne nicht geleert wurde, und die Maden langsam herauskrochen.",,,,,,,
"Ich fühlte ..., als eine Feuerwerksrakete in Richtung meiner Kinder abgefeuert wurde und mein kleiner weinend davon lief.",,,,,,,
"Ich fühlte ..., weil ich mal unpassend gekleidet war.",,,,,,,
"Ich fühlte ..., als mich meine Tante zu Weihnachten besuchte, die ich lange nicht mehr getroffen hatte.",,,,,,,
"Ich fühlte ..., als ich in Hundekacke getreten bin.",,,,,,,
"Ich fühle ..., dass ich meinen Job verlieren könnte.",,,,,,,
"Ich fühlte ..., als ich bemerkte, dass die Tomaten, die ich erst vor kurzem gekauft habe schon anfangen zu schimmeln.",,,,,,,
"Ich fühlte ..., als mein Sohn bei schlechten Wetter eine lange Autofahrt macht und ich ihn nicht erreichen konnte und er sich nicht meldete.",,,,,,,
"Ich fühlte ..., als ich auf der Arbeit ein großes Problem lösen konnte.",,,,,,,
"Ich fühlte ..., weil ich finanzielle Schulden hatte.",,,,,,,
"Ich fühlte ..., als ich an meine verstorbene Oma gedacht habe.",,,,,,,
"Ich fühlte ..., als ich meine Mutter belogen hatte.",,,,,,,
"Ich fühlte ..., als ich das Geld für meinen Urlaub zusammen gespart hatte.",,,,,,,
"Ich fühlte ..., als mich meine Freundin verlassen hat.",,,,,,,
"Ich fühlte ..., als meine Hose flecken hatte.",,,,,,,
"Ich fühlte ..., als unser alte Hund - Labrador - gestorben ist. Er lebte 14 Jahre in der Familie.",,,,,,,
"Ich fühlte ..., als mein Geschäftspartner mich hintergangen hat und Geld entwendete.",,,,,,,
"Ich fühlte ..., als ich mal meinem Zug verpasst habe.",,,,,,,
"Ich fühlte ..., als ich meine Kinder zu unrecht beschuldigt habe etwas versteckt zu haben.",,,,,,,
"Ich fühlte ..., als etwas in der Arbeit nicht gleich funktioniert hat und ich den Part nicht getestet hatte.",,,,,,,
"Ich fühlte ..., als ich an meine Ex-Frau gedacht habe.",,,,,,,
"Ich fühlte ..., als mein Job geplatzt ist.",,,,,,,
"Ich fühlte ..., als eines meiner Haustiere gestorben ist.",,,,,,,
"Ich fühlte ..., als ich die Nachricht gelesen habe, dass der VfB Stuttgart nicht in neue Spieler investieren wird.",,,,,,,
"Ich fühlte ..., als meine Nichte Atemnot hatte.",,,,,,,
"Ich fühlte ..., als ich bei einer Beerdigung weinte.",,,,,,,
"Ich fühlte ..., als ich daran dachte, dass meine Erinnerungen verloren sein werden, wenn ich sterbe.",,,,,,,
"Ich fühlte ..., als nachts ein schwerer Sturm unsere Fenster zum Wackeln gebracht hat.",,,,,,,
"Ich fühlte ..., als mein Sohn, der im Ausland lebt, zu Weihnachten nach Hause kam.",,,,,,,
"Ich fühlte ..., als mich ein Kind im Supermarkt als Dickmann bezeichnete.",,,,,,,
"Ich fühlte ..., als meine erste Beziehung nach über zwei Jahren endete. Es kam sehr überraschend.",,,,,,,
"Ich fühlte ..., als ich eine Deadline nicht einhalten konnte.",,,,,,,
"Ich fühlte ..., als als ich die Wahlergebnisse der AFD gesehen habe.",,,,,,,
"Ich fühlte ..., als ich Geburtstag hatte.",,,,,,,
"Ich fühlte ..., als ich das erste mal Achterbahn gefahren bin.",,,,,,,
"Ich fühlte ..., als ich die Weihnachtskarte an einen mir nahen Mensch versäumt habe abzuschicken, keine Zeit dafür gefunden, obwohl es vorhatte. Einige Monate später war er tot.",,,,,,,
"Ich fühlte ..., weil ich das Erbrochene wegwischen sollte.",,,,,,,
"Ich fühlte ..., als mein Opa mich wieder einmal zum Idioten darstellte und mir einfach nicht glaubte das ich die Weihnachtsbeleuchtung richtig abgesichert hatte.",,,,,,,
"Ich fühlte ..., weil meine Schwester ein verlogenes Miststück ist.",,,,,,,
"Ich fühlte ..., als ich als Kind mit meinen Eltern ein Schwein geschlachtet habe. Ich musste einen Kessel mit Blutwurst rühren.",,,,,,,
"Ich fühlte ..., als ich mit meinem Auto ohne Bedrängnis gegen eine Mauer gefahren bin.",,,,,,,
"Ich fühlte ..., weil meine Schwester ihren Besuch bei uns ständig verschiebt.",,,,,,,
"Ich fühlte ..., als ich vor der ganzen Klasse meinen Vortrag verpatzte.",,,,,,,
"Ich fühlte ..., als mir im Schwimmbad das Gummi der Badehose riss.",,,,,,,
"Ich fühlte ..., als ich an meinen Fingernägel kurz geknabbert hatte.",,,,,,,
"Ich fühlte ..., als Angela Merkel sagte Wir schaffen das.",,,,,,,
"Ich fühlte ..., als mir beim Autofahren von einem Radfahrer die Vorfahrt genommen wurde.",,,,,,,
"Ich fühlte ..., als ich bemerkte, dass es im Flur meiner Schwiegereltern sehr gestunken hat, nachdem ich dort auf Toillette war.",,,,,,,
"Ich fühlte ..., weil ich den Besuch meiner Freunde verpasst hatte.",,,,,,,
"Ich fühlte ..., als ich mit Zahnschmerzen zum Zahnarzt gehen musste.",,,,,,,
"Ich fühlte ..., als ich mich versprochen habe.",,,,,,,
"Ich fühlte ..., als ich festgestellt hab das mein Leben Müll ist",,,,,,,
"Ich fühlte ..., als ich aus der Psychiatrie entlassen worden bin.",,,,,,,
"Ich fühlte ..., dass mein Schwiegervater meinen Sohn weiterhin geknuddelt hat, obwohl dieser nicht mehr wollte.",,,,,,,
"Ich fühlte ..., als ich die Matura bestanden hatte.",,,,,,,
"Ich fühlte ..., als wir Besuch bekamen und ich nut mit Unterhose bekleidet unter einer Decke auf der Couch lag.",,,,,,,
"Ich fühlte ..., als ich mich bei der Arbeit mit Schokolade beschmiert habe.",,,,,,,
"Ich fühlte ..., als sich mein Kollege mal wieder völlig daneben benam.",,,,,,,
"Ich fühlte ..., weil es nach Katzenurin stank.",,,,,,,
"Ich fühlte ..., weil ich vor Kindern bei rot über die Ampel ging.",,,,,,,
"Ich fühlte ..., als ich als Schülerin beim Abschreiben erwischt wurde",,,,,,,
"Ich fühlte ..., als ich meinen Freund in Sachen Hilfe mit Frauen im Stich ließ.",,,,,,,
"Ich fühlte ..., als ein Freund von mir wieder in die USA zurückfliegen musste nach Weihnachten.",,,,,,,
"Ich fühlte ..., als ich einen Unfall mit dem Auto meiner Frau gebaut habe.",,,,,,,
"Ich fühlte ..., als mein bester Freund in eine Schlägerei verwickelt wurde.",,,,,,,
"Ich fühlte ..., als ich gesehen habe, wie ein Mann einen anderen Mann ohne Vorwarnung geschlagen hat.",,,,,,,
"Ich fühlte ..., als mein Vater gestorben ist.",,,,,,,
"Ich fühlte ..., als ich mitten in der Nacht über einen nicht beleuchteten Feldweg gehen musste.",,,,,,,
"Ich fühlte ..., als ich in der Schule gemobbt wurde.",,,,,,,
"Ich fühlte ..., als ich meine Abiturprüfung hatte, da von dieser Prüfung die Zukunft abhängt und das Abi der Eintritt für die Unis oder Fachhochschulen ist.",,,,,,,
"Ich fühlte ..., als ich ein trauriges Buch gelesen habe.",,,,,,,
"Ich fühlte ..., als ein Böller nehmen mir hoch ging.",,,,,,,
"Ich fühlte ..., als ich als Kind zum Geburtstag einen Hund bekam.",,,,,,,
"Ich fühlte ..., weil meine Mutter vor einem halben Jahr verstorben ist und dieses Weihnachten ohne sie wirklich nicht schön war.",,,,,,,
"Ich fühlte ..., weil ich einen peinlichen Fehler auf der Arbeit gemacht habe.",,,,,,,
"Ich fühlte ..., weil mein Hund während des Spazierganges den Kot eines anderen Hundes gefressen hat.",,,,,,,
"Ich fühlte ..., als ich zu Weihnachten ein richtig tolles Geschenk von meinem Bruder erhalten habe.",,,,,,,
"Ich fühlte ..., als ich nach dem Studium erst nur einen schlechten Job fand und der Chef, ein echter Berufscholeriker, ständig auf mir herumhackte. Dass er es bei so ziemlich allen seinen Mitarbeitern tat, war auch kein Trost.",,,,,,,
"Ich fühlte ..., als mir nicht alle Unterlagen vorlagen, die ich zur Bearbeitung brauchte.",,,,,,,
"Ich fühlte ..., als ich hinter dem Rücken einer Kollegin über sie gelöstert habe.",,,,,,,
"Ich fühlte ..., als ich aus gesundheitlichen Gründen mein Hobby aufgeben musste.",,,,,,,
"Ich fühlte ..., als meine Katze mit 10 Jahren plötzlich und unerwartet erkrankte und ich sie nach einiger Zeit des Leidens einschläfern lassen musste.",,,,,,,
"Ich fühlte ..., als ich nach einer durchzechten Nacht meine Frau betrogen habe.",,,,,,,
"Ich fühlte ..., als ich alleien am Bahnhof war.",,,,,,,
"Ich fühlte ..., als ich einem Bettler in der Fußgängerzone nichts gab.",,,,,,,
"Ich fühlte ..., als mein Hund krank war.",,,,,,,
"Ich fühlte ..., als ich meine kleine Tochter zum Schwimmen abgeholt habe.",,,,,,,
"Ich fühlte ..., als ich meinen Sommerurlaub zu einem günstigen Preis buchen konnte.",,,,,,,
"Ich fühlte ..., als ich feststellte, dass ich betrogen worden war.",,,,,,,
"Ich fühlte ..., als ich mt einer fremden Frau Sex hatte.",,,,,,,
"Ich fühlte ..., als ich meine Kinder angeschrien habe.",,,,,,,
"Ich fühlte ..., als ich den Siffon unseres Waschbeckens gesäubert habe. Es hat gestunken und war eine sehr schleimige Angelegenheit.",,,,,,,
"Ich fühlte ..., als ich bei meinen Kindern die Windeln wechseln musste.",,,,,,,
"Ich fühlte ..., als an einer steilen Sraßenstelle ein Holzlastwagen mit Hänger entgegenkam.",,,,,,,
"Ich fühlte ..., als ich am Steuer in den Sekunden-Schlaf eingesunken habe und mich dann wieder gefangen habe.",,,,,,,
"Ich fühlte ..., als ich zum ersten Mal geisterbahn fuhr.",,,,,,,
"Ich fühlte ..., als ich mich beim Arzt nackt ausziehen mußte.",,,,,,,
"Ich fühlte ..., als ich eine Dokumentation über hungernde Kinder gesehen habe.",,,,,,,
"Ich fühlte ..., als meine Mutter mich zur Schule begleiten musste als ich die schule geschwänzt hatte",,,,,,,
"Ich fühlte ..., als ich ein überfahrenes Tier auf der Straße gesehen habe.",,,,,,,
"Ich fühlte ..., als ein sehr guter Bekannter drogenabhängig wurde und völlig verfallen ist.",,,,,,,
"Ich fühlte ..., als ich unabsichtlich eine spärliche Frau in der Kabine gesehen habe.",,,,,,,
"Ich fühlte ..., als ich Blödsinn erzählt habe.",,,,,,,
"Ich fühlte ..., als ich Rührei machen wollte und bei den Eiern, die ich aufschlug, ein schlechtes dabei war.",,,,,,,
"Ich fühlte ..., als ich meinen kleinen Sohn die ersten Worte sprechen hörte.",,,,,,,
"Ich fühlte ..., als ich erfuhr das meine Tochter mich besuchen wird.",,,,,,,
"Ich fühlte ..., als jemand aus der Familie starb.",,,,,,,
"Ich fühlte ..., als ich meine Freundin geheiratet habe.",,,,,,,
"Ich fühlte ..., als ich als junger Mensch einen wesentlich schwächeren verhauen habe.",,,,,,,
"Ich fühlte ..., als ich die große tote Ratte im Schnee liegen sah.",,,,,,,
"Ich fühlte ..., als meiner Frau beim Essen ein Fleischstück im Hals stecken blieb und sie zu ersticken drohte.",,,,,,,
"Ich fühlte ..., als ich den Nachbar um Hilfe bitten musste, um ein Glas aufzudrehen, weil ich zu schwach war.",,,,,,,
"Ich fühlte ..., als ich nach langer Zeit meine Eltern besuchen und mit ihnen 3 Wochen verbringen konnte.",,,,,,,
"Ich fühlte ..., weil starke Sturmböen während einer Sesselliftfahrt aufkamen.",,,,,,,
"Ich fühlte ..., als ich beim essen gedacht habe, dass ich eine kleine FLiege gegessen habe.",,,,,,,
"Ich fühlte ..., als ich einen Kunden falsch beraten habe.",,,,,,,
"Ich fühlte ..., als ich Online gescammt wurde.",,,,,,,
"Ich fühlte ..., als der Baum vor meinem Haus dem Sturm zum Opfer fiel.",,,,,,,
"Ich fühlte ..., als die Ferien begannen.",,,,,,,
"Ich fühlte ..., als ich einen Kunden fälschlicherweise des Ladendiebstahls bezichtigt hatte.",,,,,,,
"Ich fühlte ..., als ich von 3 Männern gleichzeitig verprügelt wurde.",,,,,,,
"Ich fühlte ..., als ich den Führerschein schaffte.",,,,,,,
"Ich fühlte ..., als ein Onkel starb.",,,,,,,
"Ich fühlte ..., als ich keine Tickets mehr für meine Lieblingsband bekam.",,,,,,,
"Ich fühlte ..., als ich meine Abiturprüfung zu einem Leistungskurs hatte, für den ich erst Tage zuvor die relevanten Themen verstanden hatte.",,,,,,,
"Ich fühlte ..., als ich mich das erste mal im Vollrausch übergeben musste.",,,,,,,
"Ich fühlte ..., als ich einer Dame auf dem Rad den Weg abgeschnitten habe, da sie nicht auf dem Radweg fuhr.",,,,,,,
"Ich fühlte ..., als ich den Schuppen meines Grossvaters angezündet habe.",,,,,,,
"Ich fühlte ..., als ich hörte, dass eine meiner Kolleginnen Waisenrente erhält.",,,,,,,
"Ich fühlte ..., als ich beim Fußball einen Gegenspieler nach einem Foul schwer verletzt hatte.",,,,,,,
Ich fühlte ... wegen einer großen Spinne auf dem Fußboden.,,,,,,,
"Ich fühlte ..., als eine Frau eine Beziehung zu mir beendete.",,,,,,,
"Ich fühlte ..., als ich erfahren habe, dass ich unter etlichen Mitbewerbern eine Wohnung erhalten habe. Das war wie ein Sechser im Lotto!",,,,,,,
"Ich fühlte ..., als mein Hund fremde Leute verbellte.",,,,,,,
"Ich fühlte ..., als ich einen Elfmeter verschoß.",,,,,,,
"Ich fühlte ..., als ich merkte, dass keine neuen Folgen von X-Factor - Das Unfassbare mit Jonathan Frakes mehr produziert werden.",,,,,,,
"Ich fühlte ..., als ich mich daran erinnerte, wie ich in meiner Kindheit mit meiner alten Oma Streiche gespielt habe.",,,,,,,
"Ich fühlte ..., als ich hörte, dass die Briten den Brexit Deal abgelehnt haben.",,,,,,,
"Ich fühlte ..., als ich alleine in einem Wald war.",,,,,,,
"Ich fühlte ..., als ich nachts alleine durch einen dunklen Wald gehen mussste.",,,,,,,
"Ich fühlte ..., als mein Sohn geboren wurde und nach schwierigen ersten Wochen zu uns nach Hause kam.",,,,,,,
"Ich fühlte ..., als ich daran gedacht habe, das die Jahre verstrichen sind, seit ich jung war.",,,,,,,
"Ich fühlte ..., als ich zu Studentenzeiten einen tagelang nicht gespülten Topf mit Essensresten entdeckte, in dem schon Maden herumkrochen.",,,,,,,
"Ich fühlte ..., als mir im Schwimmbad die Hose runtergerutscht ist.",,,,,,,
"Ich fühlte ..., als ich 2018 an Silvester mit dem Hund spazieren war. So etwas habe ich noch nie zu vor erlebt. Wir wurden nachmittags beschossen mit Böllern und Raketen. Wir waren keine 5 Schritte von der Haustür entfernt. Mein Hund ist Gott sei Dank nicht ausgeflippt sondern nur mit schnellem Schritt mit mir heim.  Ich hätte die Typen erwürgen können. War absolut nicht Herr meiner Selbst. Wie kann man willendlich mit Böllern nach Menschen werfen und Verletzungen in Kauf nehmen. Einfach so aus Spaß.  Ich glaube, hätte ich ein Gewehr gehabt, wäre ich rausgegangen und hätte die Herrschaften abgeknallt.  Drei Stunden später dasselbe Spiel- wir sind nicht mal bis in den Vorgarten gekommen. Die selben Menschen, die schon seit 14 Uhr am knallen waren(obwohl es nicht erlaubt ist) haben wieder gezielt nach uns geworfen. Verdammt - auch an Silvester muss ein Hund mal Gassi können. Was sind das nur für Menschen.  Ich weiß gar nicht wie ich das beschreiben soll. Ich war nicht nur unglaublich wütend, ich war gleichzeitig auch unglaublich frustriert und fühlt mich gedemütigt. Warum letzteres? Weil die Dauerböller und auf Menschen mit Böllern werfend vor knapp zwei Jahren noch hier friedlich durch die Straßen zum Flüchtlingsheim marschiert sind.  Wie kann es sein, dass Hilfsbedürftige solch eine Arroganz entwickeln und sich einen Scheißdreck um geltende Gesetze kümmern?",,,,,,,
"Ich fühlte ..., als ich ungerecht behandelt wurde.",,,,,,,
"Ich fühlte ..., als ich die Toilette putzen musste.",,,,,,,
"Ich fühlte ..., als ich einen Apfel aß, der von einem Wurm zerfressen wurde und man das von außen so überhaupt nicht gesehen hat.",,,,,,,
"Ich fühlte ..., als ich gerade dabei war einen Rückwärtssalto vom 3m Brett zu wagen.",,,,,,,
"Ich fühlte ..., weil ich einen Arbeitskollegen ohne ersichtlichen Grund beleidigt habe.",,,,,,,
"Ich fühlte ..., als ein Amokfahrer Menschen in Bottrop tötete.",,,,,,,
"Ich fühlte ..., als unklar war ob unsere Firma weitergeführt wird oder nicht.",,,,,,,
"Ich fühlte ..., weil ich mit meiner Freundin Schluß gemacht hatte.",,,,,,,
"Ich fühlte ..., als ich jemanden nicht helfen konnte.",,,,,,,
"Ich fühlte ..., als der Fischreiher alle Fische aus meinem Teich gefressen hatte.",,,,,,,
"Ich fühlte ..., als mir niemand zuhörte, während ich sprach.",,,,,,,
"Ich fühlte ..., als ein langjähriger Freund mich ohne weitere Erklärung finanziell abgezockt hat.",,,,,,,
"Ich fühlte ..., als ich mit meiner Hand ausversehen in Kot gefallen bin.",,,,,,,
"Ich fühlte ..., als meine Nichte zum ersten Mal Tante zu mir sagte.",,,,,,,
"Ich fühlte ..., als ich morgens ungeduscht zum Bäcker gegangen bin und dann merkte, dass ich doch ganz heftig rieche.",,,,,,,
"Ich fühlte ..., als mein Pferd das Feld von hinten aufrollte und den Derbypokal gewann.",,,,,,,
"Ich fühlte ..., als ich meine Schwester anlog.",,,,,,,
"Ich fühlte ..., als als ich beim einkaufen ein Schnäppchen gemacht habe, das sich die Kassiererin vertippt hatte.",,,,,,,
"Ich fühlte ..., als ich mich als Kind schlecht benommen habe.",,,,,,,
"Ich fühlte ..., als ich in den Wäschekorb griff um meine nasse Wäsche aufzuhängen und mir plötzlich eine eklig schwarze Spinne über die Hand kroch.",,,,,,,
"Ich fühlte ..., als meine Frau einen anderen Mann kennen lernte und mich verließ.",,,,,,,
"Ich fühlte ..., als mich ein Arbeitskollege beleidigt hat.",,,,,,,
"Ich fühlte ..., als ich Abschied von meiner Freundin nehmen mußte.",,,,,,,
"Ich fühlte ..., als eine große Spinne über meinen Schreibtisch gerannt ist.",,,,,,,
"Ich fühlte ..., als ich zu spät von zu Hause losging und den Zug verpasste.",,,,,,,
"Ich fühlte ..., als ich meine Steuererstattung erhalten habe.",,,,,,,
"Ich fühlte ..., weil ich zu spät zu meiner Arbeit kam.",,,,,,,
"Ich fühlte ..., als mich ein Bekannter vor meinen Freunden lächerlich machte.",,,,,,,
