Tweet,anger,anticipation,disgust,fear,joy,love,optimism,pessimism,sadness,surprise,trust
No me pienso perder la pelea de McGregor contra Myweather,,,,,,,,,,,
Yo preocupada pensando que mi papá ya había llegado y me estaba llamando para decirme que el vuelo todavía no había salido 👍,,,,,,,,,,,
Pucha ya no me sirven todos los carros a Rondizzoni.... #ironía jajajjajaja #unañomas,,,,,,,,,,,
"Si estar contigo es un delito, hago cien años en prision 😃",,,,,,,,,,,
@macacifuentesC @sergmujica Perfect... Y de una mansa ni que terrible PLR,,,,,,,,,,,
mera dale estoy aburrido,,,,,,,,,,,
"El sol , los perros y una birra ! #felicidad",,,,,,,,,,,
"Tantos cambios y la vida no te pregunta si los quieres, casi siempre los impone y las dos opciones que quedan es aceptar o seguir llorando.",,,,,,,,,,,
En estos momentos siento mi cuerpo hirviendo.,,,,,,,,,,,
Buenas noches a toda la pipuuuuul. Que tengan una excelente semana ,,,,,,,,,,,
"@LuisPB4 Yo salí en la camioneta, desayuné McDonald's, almorcé China Wok y también se m olvidó ponerlo en las redes #sarcasmo ",,,,,,,,,,,
Será tu forma de bailar reggae lento o la manera que meneas todo tu cuerpo me pones inquieto uooooooh 😱,,,,,,,,,,,
Que estén mis sobrinos en casa me genera mucho mal humor cuando estoy desde las 6 despierta y no dormí siesta. 😡,,,,,,,,,,,
"frank se enojo por una boludes y quiere que le pida perdón en la cara, ya, ya estoy yendo a hacer dedo, no, mejor voy corriendo esperame",,,,,,,,,,,
@lutteofthoran LA MEJOR DE TODAS!!❤❤❤Feliz dia Andrea!!!Gracias por todooo,,,,,,,,,,,
Tremenda ganas de ponerme las pilas 🙃,,,,,,,,,,,
"Aún existe gente que ""amenaza"" con dar unfollow 😂",,,,,,,,,,,
"Más bellaquera, menos timidez",,,,,,,,,,,
Les trancamos toda la redoma de Petare y les prendimos la mecha durísimo hasta esta hora.. Petare se arrechó y perdió el miedo!!,,,,,,,,,,,
"Ojalá se pudiera elegir a la familia de uno, lamentablemente te tenés q aguantar q gente hipócrita sea de tu sangre",,,,,,,,,,,
"No hay cristiano maduro, plantado en la Palabra, que tenga una excusa razonable para vivir su vida ofendido. - Pastor Brian Huston",,,,,,,,,,,
@LechugaEdson01 De ti no lo acepto sigo indignada,,,,,,,,,,,
La depresión es cabrona 😥,,,,,,,,,,,
@Clauarquera Yo se de uno que no ira finalmente :/,,,,,,,,,,,
"Va a tener que pedir perdón por celebrar el día de Catalunya e ir con su bandera, porque eso es ser anti español. Claro que sí. #Ironía",,,,,,,,,,,
@JuniorAlvia Desgraciado infeliz jajaj,,,,,,,,,,,
Terrible ganas de que me vaya  todo bien,,,,,,,,,,,
En qué momento me hice así ajjjajjajajaa ,,,,,,,,,,,
"Cámara, una help, espero todo se salve si no me va a a matar ",,,,,,,,,,,
@debittoinjapan Me pone nervioso que tenga el pecho tan grande 😂,,,,,,,,,,,
"harry está emocionado por la gira mundial, y yo estoy deprimida de vuelta porque no tengo entrada.",,,,,,,,,,,
@Zita_Zaa Fue suave y corto. No alcanzó ni a prometer ,,,,,,,,,,,
"#ElInformante Díganle a ME-O que los Haker Hunter no mataron a Allende, se suicido el cobarde para no responderle al país por se ineptitud.",,,,,,,,,,,
@TheRedPika Pero si no insulto a mi cuñado que cojones hago entonces,,,,,,,,,,,
"Me da tanta pena que los niños del sename sean tan vulnerables, tan desprotegidos y sin alguien que se haga cargo de verdad de ellos",,,,,,,,,,,
"El tiempo pasa incluso aunque parezck imposible, incluso a pesar de que cada movimiento de la manecilla uel reloj duela.",,,,,,,,,,,
Ya. Ese fue mi berrinche del mes,,,,,,,,,,,
Pa qué me enojo con gente que se le hace trágica la numeración de butacas...,,,,,,,,,,,
"@Vane_Twitts No se te vaya a olvidar, yo que tú lo fijaba ",,,,,,,,,,,
@RCTV_CONTIGO CUANDO salgamo de esta pesadilla todo debemos aprender y pedir quienes lleven la riendas del país sean los mejores en su aría,,,,,,,,,,,
"Si como amiga me seguía los caprichos no me imagino que pasará ahora, próximamente termino tinturado ",,,,,,,,,,,
es algo q te hace infeliz naa posta comparto mg like rebloggear,,,,,,,,,,,
"@fdualipa pero es con cariño, si no te quisiera no hubiera caído en tu chantaje del piojito ",,,,,,,,,,,
Robben en banca y Muller titular #Irónico🤦‍♂️,,,,,,,,,,,
@ZeroSagitary a pesar de lo simple que suena nunca la e probado o no recuerdo comer algo con esa apariencia,,,,,,,,,,,
"Tengo mi propia versión del optimismo. Si no puedo cruzar una puerta, cruzaré otra o haré otra puerta.  Rabindranath Tagore",,,,,,,,,,,
@LezoBlas @PedroInsua1 @jsierrah @xesusgalan ¡Que no lo veamos! #susto,,,,,,,,,,,
Hace una semana que no como asado. #Depresion,,,,,,,,,,,
"@diegoeduardosp En el topman, hym, son terrible baratos, más en estas fechas yo cacho.",,,,,,,,,,,
"#Ollantahumala Espinoza: ""El viaje de sus hijas a EEUU no constituye peligro de fuga porque aún depende de sus padres"" @NuevoSolPeru",,,,,,,,,,,
"ibas a patin, nunca te conoci bien pero me caes genial",,,,,,,,,,,
"En el verano ya voy a ir con el auto o con la camioneta, no camino nunca mas ",,,,,,,,,,,
@OZphotograph JuajuajuajuajauJauJuJajajuajaua que chistoso ,,,,,,,,,,,
@putzkassy Susto**,,,,,,,,,,,
Ademas andan leyendo los insultos y sintiéndose mal por eso.  #ModoHumor  #Ironía,,,,,,,,,,,
"No me enojo si alguien me da las buenas noches,ahr",,,,,,,,,,,
"Ptm, donde esta mi lunar??? 😥",,,,,,,,,,,
"La ansiedad me impide continuar leyendo, odio esa sensación.",,,,,,,,,,,
Con 3 semanas intensas de Squad Battles te dan un trofeo en el que pone que te has pasado Ultimate Team #Ironía #FIFA18,,,,,,,,,,,
Que hermoso ver como salvaron a los gatitos de Patricio Sáenz #37 ,,,,,,,,,,,
@Leila_Nash @chrisortizr_10 @danieljadue El cara de raja es un cobarde ni siquiera contesta,,,,,,,,,,,
@__sugu Si esos temblores andan con todo ,,,,,,,,,,,
"Menos mal que el #ReydeBastos nos ha dicho que estemos tranquilos, pensaba que esta noche no dormía sin escucharle... #ironía",,,,,,,,,,,
Estoy cansada de gente falsa en mi vida!!!,,,,,,,,,,,
Estoy muy triste pq me dijo que era bien enfadosa jajajaj,,,,,,,,,,,
"Lo que más me asusta de la historia de Manuel Bartual son los comentarios que le hace la gente. Leedlos, por favor. NO SON FICCIÓN. ",,,,,,,,,,,
Esta insolada valió la pena cada segundo.,,,,,,,,,,,
@narielg La pizza te quita el enojo? No comprendo tu sentir,,,,,,,,,,,
"@Juliococo Es lamentable pero así es que se acabará el chavismo, esto si es pueblo",,,,,,,,,,,
@KarlitaGarcia8 Jajajajaja tu me haces estresar con tu impuntualidad 😥,,,,,,,,,,,
No quería irme 🙁,,,,,,,,,,,
En serio no puedo creerlo.. estoy en shock,,,,,,,,,,,
Anoche no me estalló la vena de la furia de milagro.,,,,,,,,,,,
@violetlightstar @sarcasmshouts @arrowsftcry @delusivcbes @gcldndark Me perdí la pelea del año.,,,,,,,,,,,
@paolastonexxx Que afortunado!! cojerse tan buena vieja,,,,,,,,,,,
"Creo que esta fue la semana más aburrida de mi vida, me tendría que haber quedado en trenque lcdlg",,,,,,,,,,,
"Estoy a dos de entregarte mi corazón, yo creo que a menos como 5 ",,,,,,,,,,,
"Procura nunca salir de tu casa enojado con aquellos que amas, la vida puede cambiar en un segundo, tal vez nunca te despidas.",,,,,,,,,,,
Soy tan orgullosa que no le voy a decir Felíz día.,,,,,,,,,,,
"A pesar de este revés en el Proyecto de Ley sobre Aborto, debemos unirnos para no darle la espalda a las mujeres y niñas de Chile",,,,,,,,,,,
@SantiagoACanton Víctimas dl terrorismo en Argentina sin DDHH. Terrorista con cenotafio q figuran en muro de MEMORIA!! Cdo tendrán justicia?,,,,,,,,,,,
"salir del cine, está lloviendo 😓y agradecer a los del valet por cerrar mis vidrios, evitando una tragedia ❤️",,,,,,,,,,,
"Que te despierte ahogandome en una pesadilla, no es bueno.",,,,,,,,,,,
@SxrcasticBatman -Derek frunció el ceño al escucharle y no pudo evitar soltar una pequeña carcajada.- ¿Dónde? -Y entonces el moreno bajó >,,,,,,,,,,,
"@CesarTeo señora... Me pongo de pie por la platica tan dinámica, divertida, versátil, fresca, fluida... 33 mins de amenidad en mi vida!",,,,,,,,,,,
@Camila_Cabello @BrunoMars ESTOY EMOCIONADA AAAAAH,,,,,,,,,,,
@manzanavioleta Si no te dormis hay sorpresa :),,,,,,,,,,,
@Mar_DeChocolate Jajajaja no el chiste es que sea un buen susto jajaja,,,,,,,,,,,
@DebRyanShow #Rayito esto me pone súper nerviosa jajaja ya quiero que pasen las 2 semanas😜😂😂👌🏻,,,,,,,,,,,
"@otrodaniel bebito, ¡feliz cumpleaños! espero que disfrutes mucho el día 🤗 eres el mejor.",,,,,,,,,,,
me desperte re temprano lpm y mi novia encima debe estar en el quinto sueño ,,,,,,,,,,,
@smxuller D: Me encanta tu cuenta. Amo como llevas a tu pj y tus fotos destacadas. Pareces una persona agradable.,,,,,,,,,,,
Lo peor andar en el @Transantiago q gente más mal educada 😡,,,,,,,,,,,
Estaba #triste y ,,,,,,,,,,,
Hacia tanto tiempo que no sonreía tanto a mi celular mientras hablaba con  alguien 😊,,,,,,,,,,,
No c si ir a urbanica tengo miedo  de perder mi dignidad,,,,,,,,,,,
@MomokaRage Eso es que la habrá dejado un friki y estaba resentida.,,,,,,,,,,,
"Pago los precios de tenerte, darte amor y ser feliz",,,,,,,,,,,
"@TejoMattioli Vale la pena para mechar con alguna otra serie. Está buena, para verla en la cena.",,,,,,,,,,,
"Solo tengo Facebook para leer comentarios, los argumentos de la gente ofendida son bien graciosos. 😂",,,,,,,,,,,
¿Sabéis que Yoli tiene 21 años? Yo por poco no me entero. Solo lo ha dicho una vez. #Gala3GH #ironia,,,,,,,,,,,
"Personas que generalizan sobre temas de los que saben bien poco, con argumentos estrambólicos que no van más allá de su percepción ",,,,,,,,,,,
este Tito me hace llorar de la risa,,,,,,,,,,,
"♥Feliz día del amigo♥ Gracias por todo, aunque miles de cosas hayan pasado o no nos hablemos más como antes, siguen siendo muy especial+",,,,,,,,,,,
Hasta que punto del límite puede llegar una ex resentida? 😂,,,,,,,,,,,
@Wolvefang PELEA DE SABLES,,,,,,,,,,,
"@Bordeline10 en realidad si me interesaba porque trabaja en street machine y hay ropa bonita . Lo hice por eso , por un descuento ",,,,,,,,,,,
"@Javierito321 Javierito...te amo, ta como amargada la jeva. No le pares...",,,,,,,,,,,
@sthephannym Considerate afortunada. El mío hasta me ignora. ;),,,,,,,,,,,
"Sin chavos no somos nadie, lamentablemente.",,,,,,,,,,,
@lfaci Ahora van a fumar porros todos los días...Coalición Jamaica 🇯🇲 ja ja 😆,,,,,,,,,,,
"Hoy encontré una librería atendida por un fantasma, un señor muy triste. Y es raro, porque pensé que los libros eran los tristes.",,,,,,,,,,,
#Wisharsrecomienda la riqueza cultural que ofrece @InsolitaEdit Publicamos libros que revientan la cabeza #CienciaFicción #Terror #Fantasía,,,,,,,,,,,
Dios está conmigo neta ,,,,,,,,,,,
Quien juega contigo y tu mente no es un ser astuto es un cobarde.,,,,,,,,,,,
@chochos JAJAJAJAJAKA no te pases de corneta ,,,,,,,,,,,
"—Cómo quitarle la diversión a la vida, libro escrito por Jiwoo.—",,,,,,,,,,,
@brozoxmizwebs Se me hace que es el 3GS ,,,,,,,,,,,
"@jeremiasmacario me puso contenta leer eso jajajaja yo a ustedes también, banco a ese grupito",,,,,,,,,,,
"Echenique eres un #resentido con la vida, por eso hablas d esa manera tan miserable  #HomenajeBlancoEP",,,,,,,,,,,
Horrenda la division politico administrativa chilena,,,,,,,,,,,
Recién levantado y ya enfadado! Muy bien todo . Buenos días,,,,,,,,,,,
"Deberían haberse rajado con la comida siquiera, para no llegar desesperado a comer.",,,,,,,,,,,
"Que feo,que anden matando gente en la calle,se ah puesto peligroso en Danlí,ya ni se puede salir a pie a comprar a la Pulpería. 😓😔😖",,,,,,,,,,,
Necesito proyectos de diseño pagados en $$ 😭,,,,,,,,,,,
#DeColombiaMeGusta todo. Orgulloso de ser Colombia hijumadre !!!!,,,,,,,,,,,
"JAJAJAJAJAJAJJAJA la Andrea está viendo ""Laura"" que tanto está aburrida",,,,,,,,,,,
Si espera rencor o alegría de verme sufrir....,,,,,,,,,,,
@abc_es @gabrielturmo Todo muy del estilo Dinamarca del Sur. Jaja. #ironía,,,,,,,,,,,
@elespanolcom A lo loco!!! ¿Lo próximo qué será...? ¿Que puedan votar? #ironía  Menudos retrógrados.,,,,,,,,,,,
A mi se me va a desaparecer el resentimiento por alguien o por algunas cosas cuando me vaya a vivir a otro país y nose si más lejos tdvia,,,,,,,,,,,
@CabraVoladoraST @LazaPLAYS Me cago en la puta ,,,,,,,,,,,
@alfredocamposga @descifraguerra @KurdisCat Claro colaboras con nosotros.... eres parte del régimen xD a mi me dio una arritmia del disgusto,,,,,,,,,,,
"@FelipeCacahuate Es entretenida, te la recomiendo",,,,,,,,,,,
Me falt 2 cap de Narcos. No te termines nuncaa 😢 Agente peña te voy a amar de por vida ❤,,,,,,,,,,,
@AfgaChronos Muchas gracias! 😊,,,,,,,,,,,
@carlesenric @Mokadern Teniendo en cuenta que esas denuncias sólo ocurren cuando está la derecha en el poder... Tiene su gracia. #Ironía,,,,,,,,,,,
Ha sido la semana más difícil sin hablarle a mi mejor amiga 😢,,,,,,,,,,,
Que aburrida la gente que quiere quedar bien com todo el mundo siempre,,,,,,,,,,,
No es enojo  España depcecion  y creo que es peor,,,,,,,,,,,
@Bono_fran @Z0UlSP0RR0 Pero fideo es el mas peligroso,,,,,,,,,,,
"@pao_renderos Vivimos en un tiempo de exhibicionismo tremendo, Pao. Me intriga cuál fue tu respuesta a eso. ",,,,,,,,,,,
"@JeffMynor Cabal! Ahí van bolos, no crudos. ",,,,,,,,,,,
Un semáforo malogrado cumple mejor función que un policía de transito 😤,,,,,,,,,,,
@Galarza_Agos Es graciosa la situación jajajajajja,,,,,,,,,,,
Solo le dije feliz dia a una persona jajja nose en la unica que pense😏,,,,,,,,,,,
Desesperado por encontrarte 🎶,,,,,,,,,,,
"@valegarcia_01 se re nota que es una resentida, por favor mamita supéralo JAJAJA",,,,,,,,,,,
Tanto que se va a tardar en contestar ,,,,,,,,,,,
@prensatur @DebeSaberQue @iCorreccion Explicame que entendieron los 11 que RT...? ,,,,,,,,,,,
"Lo sé, soy hermosa!: me siento genial",,,,,,,,,,,
@Melizzarp Lamentablemente estamos estancados porque precisamente no vemos el problemas desde la raiz. Buenas noches,,,,,,,,,,,
No sé por dónde volver a empezar 😥,,,,,,,,,,,
@llemakmc @castellf1 El sarcasmo esta bajito ,,,,,,,,,,,
Se hace el enojado cuando yo debería estar cagandolo a piñas.,,,,,,,,,,,
"@Ludmialcayde me cae re bien, tremenda diosa, ella y su grupo me odian creopp igual la mejor",,,,,,,,,,,
"#felizdiadelamigo al amor de mi vida, que es, a su vez, mi más valioso amigo. ¡Feliz día, mi corazón!!",,,,,,,,,,,
T paso alguna vez?Vi x la puerta d la pieza pasar a alguien x el pasillo. Miro y no hay nadie.  #raro #Tepaso   #Espanto ,,,,,,,,,,,
Que incómoda me siento a veces,,,,,,,,,,,
"okay hablando en serio, es a las 5am..... tendré que poner mi alarma t_t",,,,,,,,,,,
"1o de julio: fue cuando empezaste a cambiar conmigo. Han pasado 86 días y sigo extrañándote mucho. Tus palabras, las llamadas inesperadas. ",,,,,,,,,,,
Siento alivio al escribirlo.  ,,,,,,,,,,,
"Expresión que da a entender algocontrario o diferente de lo que se dice, generalmente como burla disimulada. #ironía",,,,,,,,,,,
@sloowlifee Jajajajajajaja ¿en serio el alacrán? :(,,,,,,,,,,,
Se me pasó volando la estudiantina ,,,,,,,,,,,
hice mi hermana fan de pll ,,,,,,,,,,,
"Estoy tan contenta, goddddddd, voy pa Grecia",,,,,,,,,,,
Ya quiero que sea vierneeees ,,,,,,,,,,,
Ando buscando mis ganas de estudiar ,,,,,,,,,,,
Mi no tolerar a ese par. @SabMWest  dame cachetadas por fa. ¡Feliz dia del amigo cariño a ti y a @RoGlen_  los quiero ! 💖,,,,,,,,,,,
¿Como puede hacer la gente para no sentir odio y resentimiento en sus corazones?,,,,,,,,,,,
Den gracias a Dios que no ganó la chavista de Distrito Capital el #MissEarthVenezuela se imaginan al Nico con una cadena para eso?! #susto,,,,,,,,,,,
Estoy aburrida y mi linda no se conecta :c,,,,,,,,,,,
@MisaHeadaches cuenta como insulto mi cena,,,,,,,,,,,
Recién llego y ahora d nuevo d salida a buscar a mis sobris! Q no se largue ,,,,,,,,,,,
"Estoy sola en la biblioteca del poblado. Sola, triste y amargada.",,,,,,,,,,,
Yo: flotaras pa. El: no puedo flotar por qué estoy gordito.  ,,,,,,,,,,,
"Sigo pensando, en que suerte que esa vez que tuve parálisis del sueño estaba durmiendo conmigo,  si no me moría del susto sola.",,,,,,,,,,,
Que horrible sensación esa cuando algo realmente te duele o te molesta y te tenes que quedar ahí sonriendo y fingir  que todo esta bien,,,,,,,,,,,
Harry dijo que es genial y agradable ver que a los chicos les va bien en sus carreras en solitario 💕💕,,,,,,,,,,,
Que cosa del demonio la alarma,,,,,,,,,,,
Ya ahora la palabra no vale nada? #ironía,,,,,,,,,,,
"Esta alarma está establecida para dentro de 4 hs y 11 min, estoy llorando",,,,,,,,,,,
@KevenYHensy Quien no estaría orgullosa 😂 mi Amirsotee 😂😍,,,,,,,,,,,
si me hablan no me enojo,,,,,,,,,,,
es que nunca vas a dejar de ponerme nerviosa,,,,,,,,,,,
¿Y si este café supiese a ti? Amargaría.,,,,,,,,,,,
Mae me enoja tener que dormirme enojada.,,,,,,,,,,,
Tanto tiempo esperando el capítulo final de pll para q sea una mierda estoy indignada te odio @PLLTVSeries 😩😩,,,,,,,,,,,
Se enojo 😂😂😂,,,,,,,,,,,
Loca se enojo conmigo pq segun ella lo acababa d conocer y ya le hablaba como si fuera de hace mucho PERO PARALE LOCA,,,,,,,,,,,
@Bxstixn_Vxssely ¡Feliz cumple!,,,,,,,,,,,
"Sivpaso por tu lado y no telsaludo no lo tomes como enojo que los amores que se quieren se saludan con gos oj,s.",,,,,,,,,,,
"En las partes q siento q van a ser de terror me tapo los oídos y cierro los ojos, cuántos años tengo? Cinco?",,,,,,,,,,,
1 semana que no fui al colegio ,,,,,,,,,,,
Estoy muy aburrido.,,,,,,,,,,,
@Camila_Cabello lo que me mata en vida es saber que viviendo en Mex puedo morir a causa de un terremoto y no conocerte 😢,,,,,,,,,,,
@hachemuda12 😂😂😂 Me han recortado las patitas del trisquel. ¡Venganza!,,,,,,,,,,,
Me siento hasta nerviosa,,,,,,,,,,,
Asi o mas sospechoso 🤔😂✌️,,,,,,,,,,,
@lopezm_maria @AntonioJSMazuec @Rosariooo18 @gema_escobedo2 En serio te como eres increíble quiero verte ya,,,,,,,,,,,
@RobDomynguez Yo soy hija de Yecenia. ,,,,,,,,,,,
@Alvarez_guada15 Si no decime a mi que bese el piso ,,,,,,,,,,,
Se delatan solitos... Tranquilos que el que riendo las hace llorando las paga... Ahi vamos 👌,,,,,,,,,,,
"@HenryOuatx -Niega con la cabeza y deja escapar una risita nerviosa.-  Mejor no, cariño, esa, es una historia bastante retorcida",,,,,,,,,,,
Mis amigas ya tomaron sus fotos con humo de colores menos io y las necesito en mi vida. ,,,,,,,,,,,
"Ya quiero que llegue mañana!! 😜😜 Ya que mañana juega mi @JuniorClubSA  A darle fuerza con toda • • • ¡Descanso, casita y no se que mas! 🏢📺🍻⚽",,,,,,,,,,,
"@HS94NV Phineas, no te pongas así. oTESALDRÁPELEA.",,,,,,,,,,,
"En la pelea, se conoce al soldado; solo en la Voctoria, se conoce al caballero. - Jacinto Benavfnte.",,,,,,,,,,,
@ImmersionMak En serio??? Jajaja en el mismo tren? ,,,,,,,,,,,
Me da miedo la oscuridad,,,,,,,,,,,
me siento un fracaso pero es divertido hacer encuestas,,,,,,,,,,,
Vine a ver si se habían muerto en el apocalipsis y aún sigo leyendo sus tuits bien de la chingada ,,,,,,,,,,,
¿ juega @LuisSuarez9 ? #Nostalgia ,,,,,,,,,,,
"@FerivRivera Pero una que busca algo bien, ellos solo quieren diversión ",,,,,,,,,,,
Voi a poner la alarma a las 7:45,,,,,,,,,,,
Necesito un abrazo sincero ,,,,,,,,,,,
Que cansancio vale.,,,,,,,,,,,
"@javiercedeo @florciampoli Imagínate eso! Yo solo lo conozco por esconderse en cielo rasos, ahora por incoherente...de 2-0",,,,,,,,,,,
Desculpa por tanta tristeza,,,,,,,,,,,
Tengo que admitir que me estoy cagando de miedo. ,,,,,,,,,,,
@ocwaca queríamos 🙁,,,,,,,,,,,
"Lo llame a mi novio que dormía, solamente para cagarme de risa dos hs",,,,,,,,,,,
hay un pibe mirándome fijo hace 1 hora en el bondi ,,,,,,,,,,,
felicidad mode on 💖,,,,,,,,,,,
Ahora los iguazos digo los Colombianos salen a ofender al gran @ArjenRobben a lo bien que mucha gente es severa plaga,,,,,,,,,,,
@Laxusbr Fala tu ,,,,,,,,,,,
@BenetBeca @lareirinha @PPopular Ofender  a un inferior no es ofender,,,,,,,,,,,
@Blueberry_TRA hermanito te extraño ,,,,,,,,,,,
"@tallerarteluz Cómo me haría falta ese taller en estos momentos, carajo...  #Novela #Miedo #Temor #Bloqueo #ParálisisMental #NoSeaCoyón",,,,,,,,,,,
Cagaron a tiro a alguien y si todo esos tiros fue para alguna persona la dejaron echo un colador 😂,,,,,,,,,,,
No está uno para reuniones familiares sorpresa a medio miércoles,,,,,,,,,,,
Feliz día a todos los amigos!!!,,,,,,,,,,,
"Hoy me partí la cabeza y me lastime en la cicatriz, casi muero llorando😂😂",,,,,,,,,,,
La felicidad de tu vida depende de la calidad de tus pensamientos.,,,,,,,,,,,
" La #Felicidad se guarda en naftalina, se esconde de los malos debajo de la cama  🎈  - @montanertwiter",,,,,,,,,,,
"No voy a entrar a instagram hasta mañana, que depresión loco. Quiero estar ahí, con mis amigos",,,,,,,,,,,
Hace una vergüenza terrible en esta habitación tan vacía.,,,,,,,,,,,
@DianaVaazquez que oso y llegarás mañana a hacerla 😥,,,,,,,,,,,
"gabriel bola atoa, pavor",,,,,,,,,,,
Me alegro la noche este gil ,,,,,,,,,,,
@SarpY_icerde Pero #Baris va ser un gran personaje desde ahora #Sarp soempre preocupado de su padre #IcerdexMega #NocheDeTeatro 😁,,,,,,,,,,,
Esa ansiedad de enfrentar tus diseños con la aceptación del público objetivo...,,,,,,,,,,,
"No te olvides: el #ejercicio y la #actividadfísica mejoran el #ánimo, estimula la agilidad mental y alivia la #depresión. #CuidaTuVida",,,,,,,,,,,
@Betiitozaiidbas El insomnio es divertido a veces,,,,,,,,,,,
"Mucho a destacar en #DeathNote. Dos únicos apuntes: la última frase es magnífica, la #BSO incomprensible. #cine ",,,,,,,,,,,
Para que me bloqueas hija de tu pu*a madre,,,,,,,,,,,
"@eloina_mogollon Si, se sintiò bastante fuerte en Guarenas el temblor ",,,,,,,,,,,
Ha sido larga la comparecencia del Rey sobre la crisis de estado que estamos sufriendo... #ironía . #3Oct,,,,,,,,,,,
@cxpricieux Ofendida me siento.,,,,,,,,,,,
Menos mal que nunca me dió vergüenza llorar en el bondi.,,,,,,,,,,,
"Fui a comer con mis amigos y ya estoy comiendo compota en mi casa, estoy muy ansiosa.",,,,,,,,,,,
"10 me enteré un par tuyas, sos peligrosa",,,,,,,,,,,
@villalobossebas @VlIIalobosSebas No jodas  mañana es día de escuela  hay que levantarse temprano ,,,,,,,,,,,
"que suerte que empece el tratamiento, increible el cambio desde mayo hasta ahora 😆",,,,,,,,,,,
Ya se va a ir 🙁,,,,,,,,,,,
Esa pelea interior entre sí ir a orinar o ya dormirme para no pensar en ir a orinar jajaja. Maldita hueva me corroe.,,,,,,,,,,,
"Si, me molesta que adelante la serie sin mi. Y Mucho ",,,,,,,,,,,
¿Insultan por dm?  ¿En serio?,,,,,,,,,,,
"Al principio no me llamó la atención, luego lo vi sonreír y fue como aplicar mil filtros de Instagram.",,,,,,,,,,,
@bbcmundo ¡En Bolivia seguiremos los pasos de Alemania! #Feliz,,,,,,,,,,,
"Tu clamor pone al diablo a temblar, tu Alabanza lo confunde. #LaAdoraciónADiosEngrandeceLaNación",,,,,,,,,,,
Yo que ya no quiero tomar y mi mamá llegó con mis botellas de tequila que estaban en la casa de mi abuela😍 #Felicidad,,,,,,,,,,,
@NanaBlurl Quien mierda es simone 😡,,,,,,,,,,,
"La constituyente d Maduro es un remedio más peligroso que la enfermedad que sufre nuestra amada Venezuela. Por eso el 16J votemos SI, SI, SI",,,,,,,,,,,
A veces me pregunto si soy yo la loca de mierda que se pelea con todo el mundo o las personas son tan pelotudas y tan problemáticas?!?!?!?!?,,,,,,,,,,,
Seguro el año que viene si nos acordamos ,,,,,,,,,,,
Una semana no es suficiente 😭,,,,,,,,,,,
Me caga dormirme enojado carajo,,,,,,,,,,,
Una maravilla del mundo es beber café hirviendo a esta hora.,,,,,,,,,,,
Indignada con la película,,,,,,,,,,,
He ido a donar sangre al Clínico para los 900 heridos del domingo y hemos acabado cantando el Imagine. Piel de gallina #ironía,,,,,,,,,,,
"@marianoybueh Bellester, Adelina, Martelli y Bosch #TodosMalandras mejor no pasar #cuidate #TodosChorros sin clase ",,,,,,,,,,,
#NoVolveriaA bloquearte porque ya me das igual ,,,,,,,,,,,
@itapia918 Es lo más probable  ,,,,,,,,,,,
@Santyzeniquel jajajajajajajajajajajja me muero  ,,,,,,,,,,,
No sé por donde ya ira mi madreee,,,,,,,,,,,
"@Camila_Cabello @BrunoMars JAJDLZOXKSÑXJA estoy muy emocionada por ti, te lo mereces chica, te quiero",,,,,,,,,,,
¿Después de cuantas depresiones llega la depresión que te adelgaza?,,,,,,,,,,,
Suelen coincidir en este país los que se mostraron furiosamente indignados con el chapapote y años antes habían sido indiferentes al Txapote,,,,,,,,,,,
Todavía duele... ,,,,,,,,,,,
Empiezo los cursos y estoy súper contenta,,,,,,,,,,,
"Yo no hablo de la depresión tengo suficiente con ver mi estado de cuentas y los planteamientos de Arias, ya vengo, voy a grabar los 📼",,,,,,,,,,,
Mis pies estan super fríos ,,,,,,,,,,,
Es bacanísimo tener el día libre el día del cumpleaños 😋😜😝😛😬😄😁😆 #felicidad,,,,,,,,,,,
fav y te mando privado 😊,,,,,,,,,,,
"Sobrevivo Por Pura Ansiedad,Con El Nudo En La Garganta!!!!!!",,,,,,,,,,,
"NOOO WE NO ESTOY ENOJADO, asi soy normalmente 🙄",,,,,,,,,,,
@MauroFagoaga se te atoró el escabio hd1000 ,,,,,,,,,,,
"Está claro que están más de acuerdo con la ladrona de bebés en plan ""una acusación sin pruebas"" ""Doña Dolores Baeza ha resultado ofendida""",,,,,,,,,,,
q sarna el año pasado le estaba diciendo feliz dia a alguien q hoy ni saludo y me recontramil cago. como cambia todo,,,,,,,,,,,
"MEO: ""En la Araucania NO hay terrorismo"" #ElInformante",,,,,,,,,,,
Tú qué sabes de dolor y de tristeza sí no te la pasaste llorando todo un capítulo de Glee. ,,,,,,,,,,,
Necesito compartir con alguien la alegría que me da ver las puertas de guido kaczka,,,,,,,,,,,
Me dijo eso y me quedé re pensativa😬,,,,,,,,,,,
Bueno amigo déjame tranquila me tienes cansada,,,,,,,,,,,
@LgendCR @JDavidGraphs Qué onda por qué se enojo?,,,,,,,,,,,
De lo que se entera uno 😂,,,,,,,,,,,
// Soy un Batman super chistoso. Ni confirmen 🤣🤣,,,,,,,,,,,
que ansiedad de mierda vo,,,,,,,,,,,
#5HEsTrending Necesito verlas por favor 😭,,,,,,,,,,,
@EzequielLuucas @MaiRejis Pelea de parejas acá no,,,,,,,,,,,
@JosuGearFoo23 Oye carnal ya no me gusto la pinche vieja se volvio muy pinche sangrona,,,,,,,,,,,
Acabo de meter la pata bien cabrón por hacerme el intelectual y sólo demostré mis carencias emocionales y lo amargado que soy. Puta madre.,,,,,,,,,,,
@Faby_jime jaja y quedarte dormida del susto no?? jaja,,,,,,,,,,,
"Que nunca te ame de verdad, que rabia me da 🎵",,,,,,,,,,,
NO PUEDEN SACAR AMERICAN HORROR STORY DE NETFLIX. LLAMEN A MIS ABIGADOS,,,,,,,,,,,
@pilypardo Las apoderadas son lo pior!!! ,,,,,,,,,,,
"xD  Al parecer no puedo tomar captura ... Que pena, que suerte la mia xD ... !!!!",,,,,,,,,,,
@SeleneS06 Es festivo! Pero a mi me toca ir a trabajar! 😧,,,,,,,,,,,
"@SkyAlertMx #ironía El ciudadano tuvo 32 años para prepararse ante los sismos y aprender sobre ellos y hoy todo es como ""arte de magia"".",,,,,,,,,,,
@CandeSolsu Callate que sigo ofendida,,,,,,,,,,,
Capaz soy yo la que incómoda acá o que?,,,,,,,,,,,
13 horas trabajando verg que cansancio,,,,,,,,,,,
Mujeres que tienen nombre de perras y le hacen honor a el 😅,,,,,,,,,,,
@ELTIEMPO Tras de matón ladron? Bueno algo así dice el dicho,,,,,,,,,,,
"Ya siento tus pasos acercarse, Señor. Tiempos de llanto y también de regocijo. Cúbreme con la justicia de Cristo. ¡VEN, SEÑOR JESÚS!",,,,,,,,,,,
@BattilanaMarti_ Con amar azul estoy 😄,,,,,,,,,,,
"Normalmente me hago rechinar los dientes cuando estoy enojado, un día de estos se me va a salir uno.",,,,,,,,,,,
Tremendo el viento que hay afueraaa 😯,,,,,,,,,,,
'Me encanta' BUENOOOOOO,,,,,,,,,,,
@carmenantzzz Que graciosa he😢,,,,,,,,,,,
"Soy libre de hacer circular el amor y la alegría por todas partes en mi mundo ,amo la vida.",,,,,,,,,,,
"@Ivandagu @cmbustamante Es una acusación bastante grave, de la cual no tienes ninguna prueba",,,,,,,,,,,
@salomecuerva Sorprenderme jajaja na vos sabes a la que no superó ,,,,,,,,,,,
Qué rabia cuando hay una tercera persona en la relación.,,,,,,,,,,,
"Kajajajaj no lo superó, no puedo ser tan pelotuda ",,,,,,,,,,,
"Yo tengo un gozo, tengo alegría, tengo a Jesús, tengo el amor tengo la vida. #LaAdoraciónADiosEngrandeceLaNación",,,,,,,,,,,
La mamá de gaby me manda mensajes y me dice que deje de tomar ,,,,,,,,,,,
Brillante @germanven gran monologo!!!!!,,,,,,,,,,,
@enzoesquivl_ mira como tiemblo ,,,,,,,,,,,
Siempre que quiero escribir una nota utilizo twitter para que se quede como borrador ,,,,,,,,,,,
"@Marcusftty Auch!! -relame sus labios al mismo tiempo que deja salir una sonrisa-. Mmh, no mucho. Traje otra mascota. -sonríe-.",,,,,,,,,,,
"Y si, me estoy sintiendo como el orto, y si lo voy a compartir acá porque estoy cansada de reprimir toda la mierda y no hablar con nadie",,,,,,,,,,,
@RociioArcee Que te estaras comiendo no sé ,,,,,,,,,,,
Acabo de ver Okja y si que es muy triste. ☹️,,,,,,,,,,,
"@TATANCDLM_ Pero viendo videos de los conciertos de Queen, el tipo tenia tremenda presencia sin necesidad de mucha cosa.",,,,,,,,,,,
Que aburrida la gente que quiere quedar bien con todo el mundo siempre,,,,,,,,,,,
"Estoy escuchando a mi hija y sobrino enviarse audios, y no necesitaré pasiflora con lo mucho que me están haciendo sonreír =') #LesNiñesRule",,,,,,,,,,,
"Peli de terror ,toy re cagada",,,,,,,,,,,
Mi hermana mayor esta pensando llevarme al extranjero el año que viene! No se si llorar o reír,,,,,,,,,,,
Que #triste es poner la alarma y ver las horas que te quedan para dormir 😔😔😔😔,,,,,,,,,,,
"Tuve gripe por dos días, mi mamá dice que sólo era llanto contenido: le creo. 😢",,,,,,,,,,,
Ésta forma tan cobarde de no decirnos que no.,,,,,,,,,,,
"No hay que dejar que el sentimiento se convierta en resentimiento. ""No ha muchos nos pasa""",,,,,,,,,,,
Se me está partiendo el corazón en 10. ,,,,,,,,,,,
@DebRyanShow #Rayito ¿Cuando nos das la sorpresa de que seras papa ? 🙈😂,,,,,,,,,,,
Por lo visto esta pesadilla se acaba cuando el pueblo le pase por encima a la MUD más que al mismo régimen!,,,,,,,,,,,
No quería creer todavía me cuesta entender porque! La depresión es algo muy difícil de superar si no se trata a tiempo,,,,,,,,,,,
contestame que me da ansiedad lpm,,,,,,,,,,,
@jlespert te saqué la careta...economista y asustás a la gente. Vos sos El hombre de la bolsa! ,,,,,,,,,,,
Esta miopía me tiene fregada la vida,,,,,,,,,,,
@doctorconejo Fui a stalkearte y leí y tu bio y me siento un poco intimidada.,,,,,,,,,,,
[ Estoy súper deprimida porque el sábado iba a pasarme por la comic con y ya no porque no tengo quién me acompañe. Más fracasos.,,,,,,,,,,,
Ha sido divertido me equivocaria otra veeeeeezzzz,,,,,,,,,,,
Mi única preocupación es que el wifi esté conectado,,,,,,,,,,,
Mf chau re enojado,,,,,,,,,,,
Hasta mañana ,,,,,,,,,,,
"Reloj no marques las horas, porque voy a enloquecer...",,,,,,,,,,,
"Una persona misteriosa (no vale dejar comentarios) me pidio fotos.. supuestamente para un video ""sorpresa"" ??? ",,,,,,,,,,,
Hola me han dejado sola en casa y tengo ,,,,,,,,,,,
Que horrible es la gente que no te quiere dejar soñar,,,,,,,,,,,
Como pueden ser tan idiotas? Como se pueden burlar así de algo tan grave? Xq mierda se muere gente buena y no se mueren estos hdp sin alma.,,,,,,,,,,,
Tan enojado iba a estar Dio?,,,,,,,,,,,
@Zend0xTV El bis de furia jajaja lastima que ahora se juega armas T_T,,,,,,,,,,,
"Me enferma estar enojada y que se rían, si me vieran la cara de orto no se reirían.",,,,,,,,,,,
cerra la jeta infeliz,,,,,,,,,,,
@asextra Olé de verdad #Ironía,,,,,,,,,,,
"Bp siempre me llamaste la atención, por comentarios sos tremenda mina, me encantaría conocerte. Sos hermosa",,,,,,,,,,,
"@VermynCL el mejor smeralda en scoria , el mas wn pero se te aprecia bro  no tengo el agrado de conocerte mucho pero por lo poco me caes bn",,,,,,,,,,,
@Sabanero_91 ganó el junior o perdió el América? Cómo fue?,,,,,,,,,,,
Necesitando masajes hasta en el alma y una espalda nueva COMO SIEMPRE ,,,,,,,,,,,
"Esta noche entre ligueos, lecturas de Tarot y ensaladas. Vaya que estoy entretenido.",,,,,,,,,,,
"Me metí en la cama sin cenar de tan cansada que estoy, quiero  ver algo divertido, liviano pero no tonto. Qué veo en Netflix?",,,,,,,,,,,
Aveces le tengo tanta bronca a la sarnoza de mi hermana 🙄😤,,,,,,,,,,,
pensé que era algo malo. No me gustaba hacer esas cosas. Fue la noche más horrible de mi vida.,,,,,,,,,,,
#FelizLunes cosas hermosas ! #Feliz,,,,,,,,,,,
@the_os_07 @globovision tiburón eres un enchufado mas y un laboratorio mejor ni te contesto no vale la pena,,,,,,,,,,,
@biaa_gz @joaovvelosoo KKKKK emocionado cara 🤦🏼‍♀️,,,,,,,,,,,
"[7/20 1:34 AM] Traidora: Ay te amo❤Feliz día mi puti. Otro año mas con vos. Sos única siendo como sos, y te amo así. Mañana estamos juntas",,,,,,,,,,,
@omardi_cabj jaj tan resentido?,,,,,,,,,,,
@IvanovickAG Se llevaron mi juventud estos disque hombres. 😟😟 Ya viene lo bueno ,,,,,,,,,,,
Mis sonrizas cual muecas ,,,,,,,,,,,
El necio al punto da a conocer su ira;Mas el que no hace caso de la injuria es prudente.#mision,,,,,,,,,,,
wey si me hablas por messenger corres peligro que te conteste hasta el 2018 la vrd jajaj,,,,,,,,,,,
Que domingo herrrrmoso! ,,,,,,,,,,,
Siento mucha pena por aquellas personas que sin completamente fans de LP... Se de primera mano lo que es que se muera la persona que admiras,,,,,,,,,,,
Ambiente perfecto en #huesca para ver una peli de terror @DarkTV_es #tormenta #rayos terror ambiental uuuuuu #susto,,,,,,,,,,,
"y antes de q me salga algun xboxer enfurecido, no soy sonyer ni xboxer ni nintendero ni nada. Es q me jode porq esta haciendolo todo mejor",,,,,,,,,,,
@Wertyalord1 @trenesmania @TrensDignesEbre @transportpublic Y más insultos... eres capaz de hablar sin insultar??,,,,,,,,,,,
#Nostalgia En unas horas es el lanzamiento oficial de la secuela de Splatoon 😆 siempre recordaré al primero con mucho gusto. 😢,,,,,,,,,,,
Que feo se siente perder a una persona muy cercana 😥,,,,,,,,,,,
No sé si fue buena idea haberle pasado mi cuenta de Spotify a mi hermana 😥,,,,,,,,,,,
@Marcelitaojeda Por dios hasta cuando??!!! ,,,,,,,,,,,
@JessicaAlvelais Ya vas a andar como el Juan en el salón ,,,,,,,,,,,
Falta una semana y yo ya estoy preocupada por esa maldita matrícula,,,,,,,,,,,
Se mandan tarde los tweets,,,,,,,,,,,
perdí una remera mi papa perdió las dos ojotas y mi hermana acaba de perder un buzo bien,,,,,,,,,,,
El intelecto de una alma oscura es peligroso y aterrador,,,,,,,,,,,
Se ira quien se tenga que ir y se quedará quien tenga que quedarse.,,,,,,,,,,,
Dios que susto lpmmm 🙏😡,,,,,,,,,,,
"@Haroldcollazos Logré ver esto y dije; ¿mi amigo?   Me da alegría saber que lo puede lograr, es más esto merece comida, ¿nos fuimos? 😂",,,,,,,,,,,
"No voy ni a llorar ya, porque para qué.",,,,,,,,,,,
"Yo creo que me voy a hacer un tatuaje, o menos como cinco. ",,,,,,,,,,,
Soy más ansiedad que persona,,,,,,,,,,,
Cuanto amor hay en tus brazos.. ,,,,,,,,,,,
"Me da un asco que se quiera hacer la hippie todo el tiempo, tremenda fantasma",,,,,,,,,,,
"@lautaro_capitan Jajajajajaja no me podía resistir, en serio!!!!!",,,,,,,,,,,
@nohemidleon JAJAJAJAJ soy la persona menos amargada del 🌎,,,,,,,,,,,
Tengo entre ira y bronca que pajero que ess este waso jesussss,,,,,,,,,,,
"ok, algo le pasa a mi twitter, sale como si estuviera siguiendo solo a una persona... #asustado",,,,,,,,,,,
@_chiarabisso Si escucho la alarma voy,,,,,,,,,,,
Una persona solamente conoció todo lo que puedo llegar a dar x alguien y ME DEJO POR LA EX gracs a eso soy una desconfiada de todo y todos a,,,,,,,,,,,
¡LAMENTABLE! Andrés Uzcátegui murió al explotarle mortero en el pechohttp://www.lechuguinos.com/andres-uzcategui-murio-mortero/,,,,,,,,,,,
@DebRyanShow #Rayito  cayendo en desesperación,,,,,,,,,,,
@DebRyanShow #Rayito estoy bien pin%# nerviosa 😂 y falta un monton para que menciones a los ganadores,,,,,,,,,,,
Soy bien pinche infeliz.,,,,,,,,,,,
@AmorVIPcom Un gusto..,,,,,,,,,,,
"Nunca hables mal de tu ex, si tú fuiste infeliz deja que otros también lo sean..",,,,,,,,,,,
"Cuando se tienen muchas cosas que meter en él, el día tiene cien bolsillos #motivación #superación #felicidad",,,,,,,,,,,
@danigr29 Y la foto como desde mucho antes 😂 aah pero ahí estás ignorando cuando te escribo por jugar de resentida,,,,,,,,,,,
"Entre algunas cosas del rol y pensamientos desagradables que tengo desde hace rato me terminé por sentir desanimada, Eme. ; ;",,,,,,,,,,,
@LaoaLuis ¿Miedo? A mí me daría tranquilidad 🤷🏻‍♀️😂,,,,,,,,,,,
Inexplicable sensación #Nostalgia #Alegría #Dudas #Ansiedad #Miedo #ExcesoDeConfianza #NoSe,,,,,,,,,,,
Qué sensación más horrible e incómoda,,,,,,,,,,,
Poder sorprender y que te sorprendan. Qué fortuna.,,,,,,,,,,,
@katyburghetti Jajajaja lose wachita ,,,,,,,,,,,
Ojala y no sea nada grave,,,,,,,,,,,
¿Qué perro se perdió hoy?,,,,,,,,,,,
"Quiero tocar tu cielo, reinar en tu reino y enloquecer con vos..",,,,,,,,,,,
¿Por qué está Peña en todos los pinches canales? ,,,,,,,,,,,
"Nada se olvida más despacio que una ofensa; y nada, más rápido que un favor Martin Luther King BUENOS DÍAS FELIZ MIÉRCOLES",,,,,,,,,,,
"si me hablan hasta que me duerma no me enojo eh, me aburro",,,,,,,,,,,
Guanlin con quince años es el segundo más alto del grupo. El basquet le va perfecto así seguramente juega muy bien.,,,,,,,,,,,
"Estoy muy emocionada, ni hablar de lo que voy a llorar cuando me digan que ya nació Vamos princesa❤👶",,,,,,,,,,,
"Por más que intente soñar contigo, no puedo, más sin embargo un mensaje tuyo bastó para provocar un buen sueño.",,,,,,,,,,,
Soñe que estaba saliendo con un pibe que jamás vi en mi vida :| ,,,,,,,,,,,
Si es por mí puedes ir sin temor porque a mí ya no me importa nada,,,,,,,,,,,
Ya quiero que sea la pelea de Conor McGregor y Floyd  Mayweather #McGregorVsMayweather,,,,,,,,,,,
"Todo llega en su momento, vive el #presente ríe, siente, baila, enamorate de cada minuto vivido, vive la #Felicidad",,,,,,,,,,,
Acabo de abrir mi snap y tengo fotos guardadas del finde y me quiero MORIRRR JAJAJA POR KEEEE ,,,,,,,,,,,
@AngeldebritoOk @analiafranchin @laufer4 Siempre lo mismo. Qué pesadilla. Aburre!!!,,,,,,,,,,,
entre mujeres borrachas y no le estabas acosando y no he visto a nadie indignado en modo 'va provocando'.,,,,,,,,,,,
Ustedes que saben de terror si sus hij@s no les encargan a sus nietos para irse de fiesta,,,,,,,,,,,
A veces estoy tan cansada que no puedo dormir #ironía,,,,,,,,,,,
Mis sueños me dan miedo 😥,,,,,,,,,,,
"Domingo, 23:36   Quiero escuchar música y cantar a todo pulmón pero no quiero despertar a los demás ",,,,,,,,,,,
Ahora si buenas noches alegría 🤗,,,,,,,,,,,
#DesafioSuperHumanos aquí pensando como serán las pestañas de Valentina cuando vaya mañana a @DiaaDiaCaracol #Susto,,,,,,,,,,,
Con quién pelea Juana?,,,,,,,,,,,
"@israelk_18 He visto el vídeo y se ve que la chica lo graba porque está hasta el chirri y que está indignada, la risa no sé dónde está",,,,,,,,,,,
Vamos esta noche a enloquecer 🎶,,,,,,,,,,,
David Bowie decía: La religión es para la gente que tiene miedo de irse al infierno. La espiritualidad es para aquellos que han estado allí.,,,,,,,,,,,
¡Cómo me fascina hacer el trabajo que pertenece a otros departamentos! #Ironia  😧,,,,,,,,,,,
No hay trago mas amargo que tragarse un nudo atado a tu garganta.,,,,,,,,,,,
«Sus ramas se hicieron más pesadas por las lágrimas que derramó y sus raíces desgarraron la tierra por la ira» (Biografía de Maokai),,,,,,,,,,,
Que nunca se pierda mi bonita costumbre de enamorarme de alguien e inmediatamente verme con familia y futuro chingon. 😂 😂 😂,,,,,,,,,,,
Yo digo que deberían organizarnos una fiesta sorpresa a @Ing_Roger_Pa y a mi el sábado 22 de Julio en Tantima. Coff Coff @lachina_val 😂🎈🎁🎉🍻🍺,,,,,,,,,,,
"Cuando Me Enojo, Me Enojo Encerio.",,,,,,,,,,,
"Que satisfacción que alguien se preocupe por vos,nose me encanta",,,,,,,,,,,
"@davidpalma77 exactamente, con eso queda claro lo mierda que está todo ahora ",,,,,,,,,,,
Habíamos peleando con Andrea y me dice para tomar Fernet y se me pasó el enojo Jejee (amordehermanas)♥♥♥,,,,,,,,,,,
No les conté pero hoy me fue genial con la nutricionista!! 2% menos de grasa corporal y subí 1.8kg en músculo 🙌🏻💪🏻con edad metabólica de 19,,,,,,,,,,,
La alegria se multiplica compartiéndola 😀,,,,,,,,,,,
@tinchomoretti @elOrdenMundial Imaginate que terror ser ciudadano británico y que te quiera absorber Argentina. Salí de ahí maravillaaaaa,,,,,,,,,,,
"Era la noche perfecta, algo tenía que pasar 😥",,,,,,,,,,,
"La #frasedeldia ""el amor es la mayor necesidad del ser humano"". Perlas de Sabidurìa. #amor #Motivacion #Felicidad",,,,,,,,,,,
"Sonrie aunque tu sonrisa sea triste porque masztriste que una sonrisa triste es la tristeza no poder so,reir.",,,,,,,,,,,
"Si prensa y opinión pública tolera la indignación con Ramos por irse igual del vecino, ¿por qué nosotros somos palmeros por indignarnos?",,,,,,,,,,,
@josephsvocals en mi escuela lo hicieron y las profesoras hicieron un drama y los encerraron todo el recreo para hablarles de dios,,,,,,,,,,,
@MashiRafael Me siento indignada...  Como es posible q Lenin Moreno nós haya llamado ovejuno a quienes votamos x el creyendo en la RC....,,,,,,,,,,,
"Hank, el pulpo de Buscando a Dory, le dio su tentáculo/pene a una pulpa que le abandonó. Por eso vive amargado y resentido.",,,,,,,,,,,
@cansado2 Jajajaaja No lo habia pensado nunca asi. Ahora estoy indignado !!,,,,,,,,,,,
Ya se a quien sacó la mala ortografía la pobre ,,,,,,,,,,,
Apagaste todos mis faros y ahora a oscuras no le veo ningún sentido a seguir. Mejor me quedo aquí en la oscuridad a esperarte.,,,,,,,,,,,
Amo joderlo a franco o hacerme la enojada con el😂💞,,,,,,,,,,,
No estoy lista para escuchar la respuesta a 1 pregunta #asustada,,,,,,,,,,,
Se piensan porque son chorros o amigos de chorros le vas a tener miedo. De tal palo tal astilla. Todos negros cabeza !!!,,,,,,,,,,,
"Mandar a la mierda no es un insulto, es una buena manera de ayudar a cierta gente a encontrar su camino.",,,,,,,,,,,
Encima hace rato que me quiero hacer esto y estoy re contenta♡,,,,,,,,,,,
@poucito12 El que nunca me saluda 😟,,,,,,,,,,,
"Siguen los amigos que quiero tener, no me puedo quejar... Gracias por todo, ¡Feliz día! 💘",,,,,,,,,,,
"espero que den toda la obra, espero ansiosa el tras bambalina😊 #NocheDeTeatro #Içerde",,,,,,,,,,,
mañana a las 6 arriba 😢,,,,,,,,,,,
"Coño! He acabado la carrera y aún no he sacado el libro de Física I del coche, ahí sigue decolorándose al sol! #venganza",,,,,,,,,,,
@balboa9718 Ya deja de ser tan amargado por faaaaa,,,,,,,,,,,
"Le mande un mensaje lindo a sofia y me manda ""ANTES DE LEER ESTO QUIERO DECIRTE QUE ENTRE PARA PASARTE UN VIDEO CHISTOSO AHORA LEO TE AMO""",,,,,,,,,,,
@kathmariie Se vio muy feo?  andas igual? Vos no tenes corazón cierto? ,,,,,,,,,,,
@StephBarbie Haste la muertita ,,,,,,,,,,,
"Entre otro orden de ideas, que horrible ser Miguel Montero y pasar de ser el prospecto numero1 de los yankees a la liga mexicana por pinchao",,,,,,,,,,,
La satisfacción por el deber cumplido❤️,,,,,,,,,,,
@melnicksergio @Guillermoic De acuerdo contigo no vale la pena comentar a Yuraszeck,,,,,,,,,,,
Con eso no se juega.,,,,,,,,,,,
"es gracioso ver gente q nunca se conforma con el amor que le brindan, siempre quieren más y más y más y PARA UN POCO LOCA YA TENÉS A ALGUIEN",,,,,,,,,,,
@trafficTACHIRA @Adrian2820 Gracias a la cnstituyente,,,,,,,,,,,
Llorarás más de diez veces por amorrr,,,,,,,,,,,
"Me gustaría ser político, pero ya tengo suficiente con la vergüenza ajena provocada por todos los partidos.",,,,,,,,,,,
Me tiene todo tan cansada,,,,,,,,,,,
Tengo la sospecha que me dirán payasa pero *No me gusta tomar* y menos cerveza iuk 😐 prefiero un café otra reunión que no voy,,,,,,,,,,,
@sharonaailen Perdona! Pero a mi no me tienen miedo jajajaja😂,,,,,,,,,,,
Luis y yo nos vamos a ir al infierno por ser así ,,,,,,,,,,,
Necesito abrazar a alguien el nudo en la garganta es tremendo,,,,,,,,,,,
@chochos Me importa un reverendo coño ver programas de interés social exclusivo de personas con menos de dos dedos de frente 😀,,,,,,,,,,,
@fantomastxiki Todavía sigue rabioso por haber perdido tantos millones con sus empresas de seguridad?,,,,,,,,,,,
Tengo mucha depresión en mi corazón😪😪,,,,,,,,,,,
Cursar tanto me estresa #sarcasmo,,,,,,,,,,,
"soy capaz de cualquier cosa, lo que sea con tal de provocar esa sonrisa en tu rostro mi amor.",,,,,,,,,,,
"Lo que más me da tristeza es que es ""aparente suicidio"". Nunca sabes lo que otra persona sufre, nunca te lo imaginas.  #RIPChesterBennigton",,,,,,,,,,,
Me enviaron mensajes amigos no estoy tan olvidada 😅,,,,,,,,,,,
Vale .... tengo depresión y mis padres quieren llevarme un rato al departamento de mis abuelos a las 9:48Pm y encima a obligación,,,,,,,,,,,
Hoy comprobe que mi temor a las alturas es peor de lo que pensaba...,,,,,,,,,,,
Después de tres meses sin agua esta llego #Feliz  gracias intergaláctico hasta que ustedes llegaron. Las tuberías no existían #NMJ  😤😤😤,,,,,,,,,,,
@3decorazones3_ Lamentablemente asi es mucha gente,,,,,,,,,,,
Que no me falte nunca mi amigo ale ,,,,,,,,,,,
@kjol_huellitas Ahora es aburrida pero con música 🙌,,,,,,,,,,,
Viene mi hna con las amigas y se quedan a dormir y yo aca del helado de la musica depre y llorando van a pensar que estoy loca bueno,,,,,,,,,,,
Falta una pelea o confesiones morbosas 🤔,,,,,,,,,,,
"Pasito a pasito, suave suavecito Nos vamos pegando, poquito a poquito, Hasta provocar tus gritos Y que olvides tu apellido.. DESPACITOOO",,,,,,,,,,,
La Mastrofobia es el miedo a los senos,,,,,,,,,,,
"Yo tengo dos tipos de celos, los normales donde hasta digo que estoy celoso y en los que me enojo y me voy.",,,,,,,,,,,
"En estos partidos es cuando mi corazón se divide terrible, me siento tan santandereana como rola.",,,,,,,,,,,
Daría lo que fuera por verte sonreír,,,,,,,,,,,
#MePoneBien Contenta que nos compres TODO lo que quisimos ... adore el vestido y las zapatillas👗👠😍 Thanks... 😘,,,,,,,,,,,
"@MenferAna Está clarísimo, salir corriendo!!! (Y con todo lo relativo a este tema igual) SALIR POR PATAS Y NO MIRAR ATRÁS #asco y #terror",,,,,,,,,,,
"Soñe contigo, más que una sonrisa me sacaste.",,,,,,,,,,,
@KerubeD #Feliz #LunesDeAmorAzul en compañia de #MiDjFavorita besitos y abrazos reina @estereoazulfm porfis un tema de marco antonio solis 💙,,,,,,,,,,,
"Si me van a bardear busquen otro ""insulto"" porque el puta y quedada ya lo quemaron (Y me chupa un huevo también). Beso",,,,,,,,,,,
Baby a veces me hago la enojada solo porque quiero el sexo de reconciliación.,,,,,,,,,,,
"¿Habeis visto un dia de furia?. Hoy estoy de ese pelo, solo que no tengo motivos para estarlo. Igual es la edad, yo que se.",,,,,,,,,,,
La única razón por la que me esta gustando insultar es solo para provocarle.,,,,,,,,,,,
@anapxulaa Jajajajjaaaaa creí que era el pirata de Culiacán JAJAJJAJA ,,,,,,,,,,,
"@foromemoria @frankyleg1992 Insulto será para vos, Franco ya murió, solo sabéis decir fascistas y de no ser por él seríamos comunistas, 1💩",,,,,,,,,,,
@Camila_Cabello @BrunoMars LPM ESTOY TAN EMOCIONADA COMO TÚ,,,,,,,,,,,
"Si no conoces a los enemigos, ni te conoces a ti mismo, correrás peligro en cada batalla, #SunTzu.",,,,,,,,,,,
Y-#PensarQue 🙏Ya No Estas Papito😪'#TeAmoProhibido' 👫Olvidarte Viejito'🙇‍♀️😿: me siento triste,,,,,,,,,,,
Es muy demasiado chistoso lo que lei cuando abrí Twitter jajajajaja,,,,,,,,,,,
estoy tan ansiosa que no hago más que comerfumarcomerfumarfumarcomerfumarcomercomer,,,,,,,,,,,
"La riqueza más grande es hacer un mundo que le pertenezca a la gente y lo sientan suyo, porque eso es lo que da felicidad.",,,,,,,,,,,
@_InakiLopez_ Ahora que ETA no existe  se atreven a insultar . Que no calienten mucho a la gente que estamos todos muy hartos.,,,,,,,,,,,
@JudgingLu ¡Buenos días! Yo tengo un social 😥,,,,,,,,,,,
"Cdmo no me he preocupado de nacer, no me preocupo de morir. - Federico Garcia Lorc..",,,,,,,,,,,
"@BlueValerie_ lamentablemente son cabezas de termos,no entienden",,,,,,,,,,,
"Me hubiera encantado conocerte de otra forma, pero me estoy enamorando de tu interior, que eso es lo que realmente me importa",,,,,,,,,,,
Yo lloro de enojo porque soy como los nenes chiquitos que no dejan hacer algo y se emperran.,,,,,,,,,,,
Y que tal si mejor estoy de oyente @ilennita ?   ,,,,,,,,,,,
"@AbbeyGress @PatyCantu Creo que me tienes que seguir, para poder mandarte dm ",,,,,,,,,,,
Que desagradable está negra bolita,,,,,,,,,,,
Tengo mucha suerte ❤,,,,,,,,,,,
"Solamente aquel que es demasiado fuerte para perdonar, una ofensa sabe ""amar"". #RT #FF #amor",,,,,,,,,,,
OIGAAA COMO PUEDE VER MIS HISTORIAS DE INSTAGRAM SÍ NO ACEPTÉ LA SOLICITUD DE SEGUIMIENTO 😡,,,,,,,,,,,
Pues antes de que el chaval o su madre reaccionara fui hacia estos idiotas MUY ENFADADO y me encaré con ellos diciéndole lo siguiente,,,,,,,,,,,
Si alguien viene a visitarme no me enojo 😋,,,,,,,,,,,
Que bronca que pongan el partido a la hora de la novela ,,,,,,,,,,,
#EsDePutos decirles maricones a los homosexuales.  P. D. Este twit no se hizo con el fin de ofender a la comunidad gay,,,,,,,,,,,
"@zuricataspy Estaría genial, ya que en otros lados no se fabrican  y se los llevarían.",,,,,,,,,,,
@Gerablu sentí nostalgia volver y encontrar nuestra conversaciones 😂,,,,,,,,,,,
Normalmente me chupa todo un huevo pero hoy estoy preocupado.,,,,,,,,,,,
Estoy re boba hoy ,,,,,,,,,,,
Humilde o está intimidada??? #Bailadisimo o ardidaaaaa @CamyGMusic jajajaja😂,,,,,,,,,,,
@jorgehdz80 Jajajaja son vacaciones amargado💁,,,,,,,,,,,
@NacchoHernandez Jajajajajajajajaja lpm quedo horrible,,,,,,,,,,,
Quisiera tener todas las jerseys de mis equipos y jugadores favoritos 🙁,,,,,,,,,,,
Ey este temblor fue como muy fuerte para mi gusto! ,,,,,,,,,,,
Como estoy un poco aburrida... Cada fav/mg es un dato de mi.,,,,,,,,,,,
@HmGerardo y la sorpresa?? 😕❤,,,,,,,,,,,
El mundo es un lugar peligroso.,,,,,,,,,,,
"Magali tajes me tiene podrida, quiere meter psicología y hacerse la graciosa a la vez y no, la vdd que no, para",,,,,,,,,,,
"Hug Hefner invirtio $1,000 prestados y los volvió $20mill. Mensuales🤷🏼‍♂️#crack Hug Hefner en lugar de venirse, se fué! 😌#Ironía",,,,,,,,,,,
@AstionStimatiX @TheGrylleX @Marpha03 si al menos tuvieras buen gusto en 2d se te perdonaria,,,,,,,,,,,
@ailenmercier55 Ahi vas a poder ahora. ,,,,,,,,,,,
"@_FranciscoB77 Resentido, 👋",,,,,,,,,,,
Creo que me quede libre hace un montón y todavía me queda un trimestre ,,,,,,,,,,,
Me la topé años más tarde luce igual de radiante.,,,,,,,,,,,
Quiero hacer muchas intervenciones e instalaciones pero no tengo espacio/dinero 😭,,,,,,,,,,,
@KeikoFujimori @Cozumel Felicitaciones keiko ,,,,,,,,,,,
"@fredyPaSa @fernansubreal @ChavaFerrer Problemas de trabajo, un embarque detenido. #terror",,,,,,,,,,,
recomienden una peli de ,,,,,,,,,,,
Es que cada vez que me enojo con él lo borro 😹😩. Prometo neta ya no hacerlo🙄😁!,,,,,,,,,,,
"Yo se que le gusto, ajá, pero mejor así. No quiero nada serio con alguien..",,,,,,,,,,,
Hoy me ha pasado una de esas cosas tan importantes que no pueden contarse en Twitter pero que darán mucho que hablar #feliz,,,,,,,,,,,
"Me voy a dormir ofendida, triste, decepcionada y con un día de mierda:(.",,,,,,,,,,,
@_ruggero No quiero ofender pero para mi eso es una inmadures no el unfollow si no las indirectas. Lo siento lo tenia que decir😲😰,,,,,,,,,,,
Siempre tiene que estar Dios primero en tu vida y te ira bien !,,,,,,,,,,,
En el tráfico pedís vía y no te la dan luego el que no te dio vía pide vía adelante y quiere que alguien más haga lo que el no hace #Ironía,,,,,,,,,,,
"Me pone de muy mala leche morderme la lengua para hablar bien, sin insultar, y que a mi me llamen cada cosa, con el sobreesfuerzo que hago 😕",,,,,,,,,,,
"Una persona puede dar mucho o poco, todo a su manera, pero no esta nada padre que lo vean a reclamo cuando solo quieres su bienestar.",,,,,,,,,,,
@AnaPatrcia_APRB Alguien se la comió?  O se la llevaron las hormigas ,,,,,,,,,,,
"Sin llevarle más nada que un beso, friolento, travieso, amargo y dulzóóón.",,,,,,,,,,,
"@LaVeroGomez Ahora para ser gay se debe ser ""mayor de edad"" #ironia #calmapueblo",,,,,,,,,,,
@IfranMarcos Es el CuriousCat en versión moderna ,,,,,,,,,,,
Que lindo que es viajar en moto vieja  ,,,,,,,,,,,
Lptm loco ya esta no juego mas!!,,,,,,,,,,,
"@Arteriza2 Siempre, jajajajaja sos la mejor ",,,,,,,,,,,
"¿Amor sin celos, sin berrinches, sin discusiones? Que aburrido.",,,,,,,,,,,
"Lo lamento tuve que irme estaba cansada de gritos de lo tóxico de mentiras y de tu ego. Si, si te extrañare, si te amo pero me amo mas a mi.",,,,,,,,,,,
@YoongisPillow @JexnJexn Que buen insulto desnutrida mental,,,,,,,,,,,
Una amiga tiene dos Doppelgänger y con una al parecer vivirá! ,,,,,,,,,,,
¿Por qué Apocalipsis es TT? ,,,,,,,,,,,
Lo bueno es que las mentiras tienen patas cortas y las caretas se caen solas 😉 lo bueno de tener la consciencia limpia... 😊,,,,,,,,,,,
"@_marieeta Seee, mucha, viajar por este estadote no es rentable pero sí divertido.",,,,,,,,,,,
@DeluxeSabado el salto de cama de la presentadora fue un intento de tener audiencia? ,,,,,,,,,,,
"El ""hey me gustas quieres salir con tal y no se que"" es lo que mas me ha dado risa en mucho tiempo",,,,,,,,,,,
"Cualquiera se cansaría de hablar conmigo, no hay ni de qué hablar soy la persona mas aburrida y más sencilla del mundo🤷🏼‍♂️",,,,,,,,,,,
"Últimamente me cuesta diferenciar los miembros de bts, confundo a Tae con JungKook y a Jin con Jimin QUE PUTO TRISTE QUE ME PASA HELP",,,,,,,,,,,
@white_comonnerd ¿A costa de Rami Malek? #Indignada El es muy lindo 😌,,,,,,,,,,,
"@SergitoSenpai @LVPibai @sicilia_sergio @SansF4 Esa es la idea ""Claro."" #ironía",,,,,,,,,,,
"Soy muy desconfiado, demasiado diria yo.",,,,,,,,,,,
Quédate con el que no te duren nada tus enojos y berrinches porque te hace reír.,,,,,,,,,,,
Perdon pero estoy #enojada,,,,,,,,,,,
"Que triste lo mio, Ni amigas tengo ",,,,,,,,,,,
Yo no les digo Feliz día a mis amigos porque son mis hermanos! Bro bro bro,,,,,,,,,,,
||MIS COMPAÑEROS DE CLASE TIENEN UN ESCRACHE MÍO. ESTOY LLORANDO.,,,,,,,,,,,
Que feo está el cielo ,,,,,,,,,,,
@hcapriles @MPvenezolano Esto es terrible e inaceptable.,,,,,,,,,,,
@Mayanvillafuert No mms me dolió leerlo 😟,,,,,,,,,,,
"Miedo es la primera vez que no puedes hechar el segundo; pánico, la segunda vez que no puedes hechar el primero. ",,,,,,,,,,,
"@flucita UFFFF, fuerte ",,,,,,,,,,,
@SignoLibraRD El mes de mi cumpleaños #Octubre #Libra #Enamorado y sobre todo #Feliz.  #TeAmo ❤😍,,,,,,,,,,,
@xNereatw Preparando la venganza 😚😀,,,,,,,,,,,
"Si se enojan, no pequen; que el enojo no les dure todo el día. No le de oportunidad al diablo.",,,,,,,,,,,
"@NygmatxcRiddler —Había soltado un gruñido ante esa respuesta, siendo callado por el mismo beso que había comenzado, >>",,,,,,,,,,,
3:48 y yo sin poder dormir ,,,,,,,,,,,
"@JBCPERU @pruperu Son tipos de doble rasero , se creen abanderados de la justicia, permitan que me sonría 😀",,,,,,,,,,,
Sólo tengo miedo a una cosa: no sentime querida por los que me rodean. #miedo,,,,,,,,,,,
"Novio: si un día una amiga ocupa donde dormir, puede en nuestra casa? Yo: es una pregunta capciosa? porque tu no tienes amigas 🙂🔪 o sí? 😀",,,,,,,,,,,
"como si estuvieran comparando una ruptura de pareja, con algo complejo como la depresión",,,,,,,,,,,
A ctm....estan pasando aviones cerca ...y helicópteros  .....estoy asustado necesito un abacho ;_;,,,,,,,,,,,
@sofiakd anon sos terrible cornuda y bla etc,,,,,,,,,,,
"me acabo de dar cuenta que perdí TREMENDA foto en el celular, kill me",,,,,,,,,,,
"¿Por qué gran mierda borras los tuits, @juanfruz? Cobarde :(",,,,,,,,,,,
"Mi bateria se fue alv, no pude estar en Wattpad, que rabia :/",,,,,,,,,,,
@Juanjaramilloe @SJaramishanos Tienes razón la depresión es muy delicado ya e pasado por eso y es muy fatal 😭😭😭😭,,,,,,,,,,,
"@Rugwery En caso de ser mujer... Piensan en embarazo, quisiera tener anemia en ese caso. 😅",,,,,,,,,,,
"Acabó de encontrar un cover de 4O'CLOCK en español y es tan  hermoso, estoy llorando 😭😭",,,,,,,,,,,
@_DavidCastillo9 Ya vamos a cortarnos el pelo man. ,,,,,,,,,,,
¿pupusas con albahaca y piña? donde es que te vas a meter @DiegoLopezTV ,,,,,,,,,,,
Pablo Pérez ,,,,,,,,,,,
"Fin de semana de descanso total, dormir + de 10 horas seguidas, comer rico con heladito incluido y 24 hrs viendo the big bang theory 😋#feliz",,,,,,,,,,,
Q agradable sujeto Icardi jajajaja,,,,,,,,,,,
La ansiedad no desaprovecha ni un segundo.,,,,,,,,,,,
x dios q aburrida estoy q alguien me charle un rato,,,,,,,,,,,
Resaca le mandó gallardo Pero hacete culiar amargo ,,,,,,,,,,,
"@mary_ssun dichoso de aquel q la uso,, y lástima x el ardido q comento eso jajaj ok no!!",,,,,,,,,,,
"@isarafaniello @agugarcia65 QUE ME DIO EL SUSTO DE MI VIDA TAL VEZ, PENSÉ QUE ME IBA A DECIR QUE ME ESTABA MIRANDO POR LA VENTANA",,,,,,,,,,,
Tan resentida vas a estar locaaa?,,,,,,,,,,,
"@SuperIvo7 Estaría entretenida y cansada, más cansada ..confirmado jajaajja",,,,,,,,,,,
Tanto vas a junar a tu marido ,,,,,,,,,,,
Me agarro sueño que miedo,,,,,,,,,,,
Te bajan al ex. Y estás llorando? POR FAVOR.  Nadie pelea por un pendejo! ,,,,,,,,,,,
"Es gracioso como la gente que me trató como basura, hoy me salude para el día del amigo.",,,,,,,,,,,
Ooooooooo que agradable sujeto❣❣❣❣,,,,,,,,,,,
@OscarG93_ Jajaj Gracias Oscarin!! 😊,,,,,,,,,,,
"@ElAgussMoree Para no se ni que escribi , esto de ponerme ansiosa no es lo mio",,,,,,,,,,,
"@val_rl eso es raro, desaparece el comisario del pueblo y a nadie le parece llamativo, no hace el intento de buscarlo? 😅 sospechosa la we..",,,,,,,,,,,
Lo de solucionar las cosas con violencia es de un gran ejemplo para la sociedad. Enhorabuena!  #ironía,,,,,,,,,,,
"+ emocionante.  ¿No era algo hermoso, que la música pudiera conectar a todas las personas? ~  Sí señor, si lo era.  A este paso acabaron +",,,,,,,,,,,
era una noche ricotera y los vagos no pusieron un carajo estoy enojado,,,,,,,,,,,
@ts8rr8t Mucho gusto.,,,,,,,,,,,
@andreagmrz JAJAJAJAJA clavada ,,,,,,,,,,,
@pancu_ @PasoaPaso Ya pasó ,,,,,,,,,,,
"@JulietaWells_ @haddidmia So re gracioso bro, es mi actual socioo",,,,,,,,,,,
@Fernanfloo fernan por que no eres animado #FERNANYANOESCOMOANTES,,,,,,,,,,,
Mañana es festivo 😍,,,,,,,,,,,
Estas son las mejores horas para hacer el tonto jurao😂😂😂😂😂😂😂😂😂 estoy llorando de la risa😂😂😂😂😂,,,,,,,,,,,
"Yo soy tannnn poco sentimental, tannn odiosa y tannn amargada q a veces pienso q a mí no me daban tetero sino ácido sulfúrico",,,,,,,,,,,
Cuando me enojo pq me duelen muchos los ovarios le grito a mi vieja q pq mierda no me tuvo con pito jajaja,,,,,,,,,,,
"@pinkkmaggit Estoy re encantada con la forma de tu boca, es demasiado lindaaaa 💛💛💛💛",,,,,,,,,,,
Dios yo se qué tu tienes los planes originales pero si son iguales a los míos no me enojo,,,,,,,,,,,
La canción de la familia me da tanta nostalgia de mi cumpleaños 🔙🔙,,,,,,,,,,,
"Que mierda que por un abuso sexual, exceso de drogas y depresión te lleven a quitarte la vida.. ojalá ahora estés en paz #ChesterBennington",,,,,,,,,,,
@alecadi92 Pues no le veo sentido a sentirse orgulloso porque los niños deseen estar ahí. Además Morata también fue chico y lo deseó.,,,,,,,,,,,
Aleksy –Sean Müller x siempre –Justin x siempre –Ex novio de dos días –Indignado y se sale del grupo –La más puta –A veces mamón pero lo amo,,,,,,,,,,,
CTM que me hacen reir 😂,,,,,,,,,,,
La peor forma de extrañar a alguien es estar a su lado y saber que nunca lo podrás tener. #tristeza,,,,,,,,,,,
@tccharless  -Peligro al volante -Tec -Los Santos -Memes -Galletas -3C,,,,,,,,,,,
Vamos a ver q sucedio en mi barrio en los 90 #veronicalapelicula  #Vallekas ,,,,,,,,,,,
@kopexinfinity FELICIDADES FER 💕 QUE ESTA PASANDO AL AGUS PARA DARLE LIKE A FOTOS DE CARO JAJAAAA ,,,,,,,,,,,
"@PabloEmanuel299 LAMENTO MI CONFUSIÓN DE RAMA LEGISLATIVA : Habida cuenta, publicamente corregí. Espero haber satisfecho el reclamo.",,,,,,,,,,,
"Mi sobrina vio la foto que esta en la pared, la que estoy con vos y me dijo ""Mira tía cuando ahí estabas contenta"" @AbrahamMateo",,,,,,,,,,,
