Tweet,anger,anticipation,disgust,fear,joy,love,optimism,pessimism,sadness,surprise,trust
So @Ryanair site crashes everytime I try to book - how do they help? Tell me there's nothing wrong &amp; hang up #furious #helpless @SimonCalder,,,,,,,,,,,
"Theme of week: Ask the Lord for strength &amp; perspective to persevere in #integrity and effort, despite being #disheartened &amp; disappointed.",,,,,,,,,,,
"@F1 Why announcing so late, it will be hard to make it from Manchester and organising a day off. #sad",,,,,,,,,,,
The greatest happiness is seeing someone you like stay happy - Daidouji Tomoyo [Cardcaptor Sakura ],,,,,,,,,,,
"omg so grateful to have an education but ive been back at school for 2 (two) days and my back hurts, im exhausted and breaking out already 😍",,,,,,,,,,,
"Because of your @smile, you @make the #life more #beautiful:::::::::::::::::::::::::::::::::::::::::",,,,,,,,,,,
@mashable For some reason this has filled me with delight. See Auntie laugh.,,,,,,,,,,,
@LoveMyFFAJacket FaceTime - we can still annoy you 😂,,,,,,,,,,,
and i shouldve cut them off the moment i started hurting myself over them :o,,,,,,,,,,,
@VescioDiana You forgot #laughter as well ❤️❤️❤️,,,,,,,,,,,
